run,agent,value,bid,deviation_from_value,ratio,deviation_from_bne,plan,strain_id,kind,c,f,b
0,0,48,40.0,-8.0,0.8333333333333334,8.0,"I keep it simple and self-focused. I have a high value, so a fairly high bid feels appropriate, but I do not work through payoff contingencies or think about the other bidders. I use a round, conservative anchor below my value and stop there.",c0_f0_b0,cot_basis,0.0,0.0,0.0
0,1,18,12.0,-6.0,0.6666666666666666,0.0,"I use a simple self-focused rule and do not work through the payoff details. Since my value is 18, a cautious round-number bid below value feels safe and easy to choose. I ignore the other bidders and stop after this quick anchor.",c0_f0_b0,cot_basis,0.0,0.0,0.0
0,2,47,40.0,-7.0,0.851063829787234,8.666666666666668,"I use a simple self-focused rule and do not work through payoff contingencies. Since my value is high, a fairly high bid feels like the straightforward move, but I still leave a little cushion instead of going all the way to my value. I ignore the other bidders and stop at this quick anchor.",c0_f0_b0,cot_basis,0.0,0.0,0.0
1,0,12,8.0,-4.0,0.6666666666666666,0.0,"I use a simple self-focused rule and do not work through payoff contingencies. My value is 12, so a cautious round bid below that feels safest. I stop at a quick anchor and keep it simple.",c0_f0_b0,cot_basis,0.0,0.0,0.0
1,1,28,18.0,-10.0,0.6428571428571429,-0.6666666666666643,"I use a simple self-focused anchor from my own value and the visible first-price rule. I do not work through later outcomes or other bidders. A moderate conservative bid feels safe, so I choose a round number below my value.",c0_f0_b0,cot_basis,0.0,0.0,0.0
1,2,2,1.0,-1.0,0.5,-0.33333333333333326,"I use a simple self-focused anchor and do not work through win/lose contingencies. With a very low value of $2, the safest-looking move is a small conservative bid below value. I ignore the other bidders and stop after this quick rule.",c0_f0_b0,cot_basis,0.0,0.0,0.0
2,0,9,6.0,-3.0,0.6666666666666666,0.0,"I use a simple self-focused rule and do not work through win/lose cases. My value is low, so a cautious bid below value feels safest and easy to apply. I ignore the other bidders and choose a round, conservative number.",c0_f0_b0,cot_basis,0.0,0.0,0.0
2,1,37,25.0,-12.0,0.6756756756756757,0.3333333333333357,"I use a simple self-focused rule and do not work through win/lose contingencies. Since my value is 37, a cautious round-number bid below value feels safe and easy to choose. I ignore the other bidders and stop after this quick anchor.",c0_f0_b0,cot_basis,0.0,0.0,0.0
2,2,30,20.0,-10.0,0.6666666666666666,0.0,"I use a simple self-focused rule and do not work through contingencies or other bidders. Since my value is 30, a cautious round bid below value feels safest in this first-price auction. I stop at a straightforward conservative anchor.",c0_f0_b0,cot_basis,0.0,0.0,0.0
3,0,2,0.5,-1.5,0.25,-0.8333333333333333,"I use a simple self-focused rule and do not work through win/lose contingencies. My value is very low, so a tiny cautious bid feels safest. I will choose a low round bid in the allowed 0.1 increments and stop there.",c0_f0_b0,cot_basis,0.0,0.0,0.0
3,1,48,40.0,-8.0,0.8333333333333334,8.0,"I use a simple self-focused rule and do not work through win/lose contingencies. Since my value is high, a high but slightly cautious round bid feels like the safest quick choice. I ignore the other bidders and stop at this simple anchor.",c0_f0_b0,cot_basis,0.0,0.0,0.0
3,2,25,20.0,-5.0,0.8,3.3333333333333357,"I use a simple self-focused rule and do not work through payoff contingencies. Since my value is 25, a cautious round bid below value feels safe and easy. I ignore the other bidders and stop at this quick anchor.",c0_f0_b0,cot_basis,0.0,0.0,0.0
4,0,24,12.0,-12.0,0.5,-4.0,"I keep this simple and self-focused. I do not work through payoff cases or think about the other bidders. My value is 24, so a cautious round bid below value feels like the safest anchor. I choose a clean, moderate number rather than my full value.",c0_f0_b0,cot_basis,0.0,0.0,0.0
4,1,12,8.0,-4.0,0.6666666666666666,0.0,"I use a simple self-focused rule and do not work through win/lose contingencies. Since my value is 12, a cautious round-number bid below value feels safest. I stop after this quick anchor and ignore the other bidders.",c0_f0_b0,cot_basis,0.0,0.0,0.0
4,2,18,12.0,-6.0,0.6666666666666666,0.0,"I keep this simple and self-focused. I do not work through later outcomes or other bidders. With value 18, a cautious round-number bid below my value feels safest, so I choose a moderate anchor.",c0_f0_b0,cot_basis,0.0,0.0,0.0
5,0,34,22.0,-12.0,0.6470588235294118,-0.6666666666666643,"I use a simple self-focused anchor from my own value and the auction rule. Since this is a first-price auction, I avoid bidding my full value and choose a conservative round bid below $34. I do not reason about the other bidders or future rounds.",c0_f0_b0,cot_basis,0.0,0.0,0.0
5,1,28,18.0,-10.0,0.6428571428571429,-0.6666666666666643,"I use a simple self-focused anchor from my own value and the visible first-price rule. I do not work through later outcomes or other bidders. A moderate conservative bid feels safe, so I choose a round number below my value.",c0_f0_b0,cot_basis,0.0,0.0,0.0
5,2,37,25.0,-12.0,0.6756756756756757,0.3333333333333357,"I will use a simple self-focused anchor from my own value and the visible first-price rule. I will not model the other bidders or simulate later outcomes. A cautious round-number bid below my value feels safe, so I choose a moderate fraction of 37 and keep it simple.",c0_f0_b0,cot_basis,0.0,0.0,0.0
6,0,23,15.0,-8.0,0.6521739130434783,-0.33333333333333215,"I use a simple self-focused rule and do not work through later outcomes or other bidders. My value is 23, so a cautious round-number bid below value feels safest. I will choose a straightforward anchor rather than a calculated strategy.",c0_f0_b0,cot_basis,0.0,0.0,0.0
6,1,1,0.1,-0.9,0.1,-0.5666666666666667,"I use a simple self-focused rule and do not work through win/lose contingencies. With a very low value of $1, the safest quick choice is a tiny bid in the allowed 0.1 increments. I ignore the other bidders and keep the bid low.",c0_f0_b0,cot_basis,0.0,0.0,0.0
6,2,42,38.0,-4.0,0.9047619047619048,10.0,"I use a simple self-focused anchor from my own value and do not work through contingencies or other bidders. Since the value is high, I choose a fairly high but still slightly conservative bid below my value.",c0_f0_b0,cot_basis,0.0,0.0,0.0
7,0,26,18.0,-8.0,0.6923076923076923,0.6666666666666679,"I use a simple self-focused rule and do not work through payoff contingencies. With value 26, a cautious round-number bid feels appropriate rather than my full value. I stop after this quick anchor and ignore the other bidders.",c0_f0_b0,cot_basis,0.0,0.0,0.0
7,1,35,23.0,-12.0,0.6571428571428571,-0.33333333333333215,"I use a simple self-focused rule and do not work through win/lose contingencies. Since my value is 35, a cautious round-number bid below value feels safe and easy. I ignore the other bidders and stop after this quick anchor choice.",c0_f0_b0,cot_basis,0.0,0.0,0.0
7,2,12,8.0,-4.0,0.6666666666666666,0.0,"I won’t work through win/lose contingencies or think about the other bidders. My value is 12, so I use a simple cautious anchor below my value and choose a round bid in the middle rather than anything extreme.",c0_f0_b0,cot_basis,0.0,0.0,0.0
8,0,46,30.0,-16.0,0.6521739130434783,-0.6666666666666643,"I use a simple self-focused rule and do not work through payoff contingencies. My value is high, so a moderate bid feels like a straightforward, safe anchor in a first-price auction. I stop after this quick choice and do not think about other bidders.",c0_f0_b0,cot_basis,0.0,0.0,0.0
8,1,6,2.0,-4.0,0.3333333333333333,-2.0,"I use a simple self-focused rule and do not work through later outcomes or other bidders. My value is low, so a cautious round-number bid feels safest. I choose a bid well below my value and keep it in 0.1 increments.",c0_f0_b0,cot_basis,0.0,0.0,0.0
8,2,15,10.0,-5.0,0.6666666666666666,0.0,"I use a simple self-focused rule and do not work through payoff contingencies. My value is 15, so a cautious round-number bid below value feels safe and easy. I ignore the other bidders and stop after this quick anchor.",c0_f0_b0,cot_basis,0.0,0.0,0.0
9,0,48,40.0,-8.0,0.8333333333333334,8.0,"I keep it simple and self-focused. I have a high value, so a fairly high bid feels appropriate, but I do not work through payoff contingencies or think about the other bidders. I use a round, conservative anchor below my value and stop there.",c0_f0_b0,cot_basis,0.0,0.0,0.0
9,1,19,12.0,-7.0,0.631578947368421,-0.6666666666666661,"I use a simple self-focused rule and do not work through win/lose contingencies. Since my value is 19, a cautious round-number bid feels safest in a first-price auction. I stop at a quick conservative anchor below my value and ignore the other bidders.",c0_f0_b0,cot_basis,0.0,0.0,0.0
9,2,39,30.0,-9.0,0.7692307692307693,4.0,"I use a simple self-focused rule and do not work through win/lose contingencies. Since my value is 39, a cautious round-number bid below value feels safe in this first-price auction. I ignore the other bidders and stop at a quick anchor.",c0_f0_b0,cot_basis,0.0,0.0,0.0
0,0,48,38.0,-10.0,0.7916666666666666,6.0,"I will use a simple cautious anchor because I do not do deep payoff calculations. My value is high, so I should bid fairly strongly, but not all the way to the top. Other bidders could be low, medium, or high, so I choose a round bid that feels competitive and safe.",c0_f0_b1,cot_basis,0.0,0.0,1.0
0,1,18,12.0,-6.0,0.6666666666666666,0.0,"I use a simple cautious anchor because I do not do detailed payoff calculation. My value is $18, so a moderate bid feels safe and still competitive against two other bidders who could bid low, medium, or high. I keep it below my value and choose a round number.",c0_f0_b1,cot_basis,0.0,0.0,1.0
0,2,47,40.0,-7.0,0.851063829787234,8.666666666666668,"I will use a simple cautious bid because I should not do deep payoff calculations. My value is high, so I want a competitive bid, but I will still leave a little room below my value. Others could bid low, medium, or high, so I choose a round bid that feels strong and safe.",c0_f0_b1,cot_basis,0.0,0.0,1.0
1,0,12,8.0,-4.0,0.6666666666666666,0.0,"I keep it simple and use a cautious round bid below my value. Others could bid low, medium, or high, so I want a bid that feels safe without going too close to my full value. I will not do detailed payoff calculations.",c0_f0_b1,cot_basis,0.0,0.0,1.0
1,1,28,18.0,-10.0,0.6428571428571429,-0.6666666666666643,"I won’t do payoff calculations or think through win/lose cases. My value is 28, so I use a simple cautious bid below that, rounded to a clean number. Others could bid low, medium, or high, so I stay moderately competitive without pushing to my full value.",c0_f0_b1,cot_basis,0.0,0.0,1.0
1,2,2,0.1,-1.9,0.05,-1.2333333333333332,"I keep this simple and do not work through later outcomes. My value is very low, so a small cautious bid feels safest. Other bidders could be low, medium, or high, so I stay near the bottom and avoid bidding too much.",c0_f0_b1,cot_basis,0.0,0.0,1.0
2,0,9,2.0,-7.0,0.2222222222222222,-4.0,"I use a simple safe anchor rather than working through outcomes. My value is low, so I keep the bid cautious but not zero, since others could bid low, medium, or high. A small round bid feels like the safest quick choice.",c0_f0_b1,cot_basis,0.0,0.0,1.0
2,1,37,24.0,-13.0,0.6486486486486487,-0.6666666666666643,"I will use a simple safe anchor below my value and not try to predict exact outcomes. My value is 37, and in a first-price auction a moderate bid feels cautious but still competitive. Others could bid low, medium, or high, so I choose a round bid that is clearly below my value and not too aggressive.",c0_f0_b1,cot_basis,0.0,0.0,1.0
2,2,30,24.0,-6.0,0.8,4.0,"I keep this simple and do not work through payoff contingencies. My value is 30, so a moderate bid feels safe and direct in a first-price auction. Other bidders could be low, medium, or high, so I stay somewhat cautious rather than bidding my full value.",c0_f0_b1,cot_basis,0.0,0.0,1.0
3,0,2,0.1,-1.9,0.05,-1.2333333333333332,"I keep this simple and do not work through win/lose contingencies. My value is very low, so a small cautious bid feels safest. Other bidders could bid low, medium, or high, but I will stay near the bottom and use a round, easy number.",c0_f0_b1,cot_basis,0.0,0.0,1.0
3,1,48,36.0,-12.0,0.75,4.0,"I use a simple cautious anchor below my value and do not work through payoff contingencies. My value is high, so I want a competitive bid, but I keep a little margin because others could bid low, medium, or high. A round bid feels clear and safe for this first-price auction.",c0_f0_b1,cot_basis,0.0,0.0,1.0
3,2,25,16.0,-9.0,0.64,-0.6666666666666643,"I will use a simple cautious anchor below my value and avoid any deeper payoff calculation. My value is 25, and with two other bidders I should not be too aggressive, so I choose a moderate bid that feels safe and still competitive.",c0_f0_b1,cot_basis,0.0,0.0,1.0
4,0,24,16.0,-8.0,0.6666666666666666,0.0,"I use a simple, cautious anchor from my value without working through payoff cases. My value is 24, and in a first-price auction a moderate bid feels safe and still competitive. Others could bid low, medium, or high, so I avoid bidding too aggressively and choose a round number below my value.",c0_f0_b1,cot_basis,0.0,0.0,1.0
4,1,12,9.0,-3.0,0.75,1.0,"I use a simple safe anchor below my value and do not work through payoff contingencies. My value is 12, and with other bidders possibly low, medium, or high, I stay moderately cautious rather than aggressive. A round bid a bit under value feels like the clearest quick choice.",c0_f0_b1,cot_basis,0.0,0.0,1.0
4,2,18,12.0,-6.0,0.6666666666666666,0.0,"I will use a simple cautious bid below my value without trying to predict exact rival behavior. Since others could bid low, medium, or high, I want a bid that feels safe but still competitive. I’ll anchor at a round number below 18 and keep it straightforward.",c0_f0_b1,cot_basis,0.0,0.0,1.0
5,0,34,22.0,-12.0,0.6470588235294118,-0.6666666666666643,"I will use a simple cautious anchor because I should not do deep payoff calculations. My value is 34, so a moderate bid feels safe and still competitive against others who could bid low, medium, or high. I’ll keep it rounded and slightly below my value.",c0_f0_b1,cot_basis,0.0,0.0,1.0
5,1,28,18.0,-10.0,0.6428571428571429,-0.6666666666666643,"I won’t do payoff calculations or think through win/lose cases. My value is 28, so I use a simple cautious bid below that, rounded to a clean number. Others could bid low, medium, or high, so I stay moderately competitive without pushing to my full value.",c0_f0_b1,cot_basis,0.0,0.0,1.0
5,2,37,24.0,-13.0,0.6486486486486487,-0.6666666666666643,"I will keep this simple and cautious. I do not work through payoff contingencies or future outcomes. My value is 37, so a moderate bid feels safe and competitive. Since others could bid low, medium, or high, I choose a round number below my value rather than pushing too hard.",c0_f0_b1,cot_basis,0.0,0.0,1.0
6,0,23,15.0,-8.0,0.6521739130434783,-0.33333333333333215,"I use a simple cautious anchor from my value without working through the auction contingencies. My value is 23, and other bidders could be low, medium, or high, so I choose a moderate bid that feels competitive but not too aggressive. I stop after this quick rule.",c0_f0_b1,cot_basis,0.0,0.0,1.0
6,1,1,0.1,-0.9,0.1,-0.5666666666666667,"I keep this very simple and do not work through win/lose cases. My value is very low, so a small cautious bid feels safest. Others might bid low, medium, or high, but I will stay near the bottom to avoid overbidding.",c0_f0_b1,cot_basis,0.0,0.0,1.0
6,2,42,35.0,-7.0,0.8333333333333334,7.0,"I use a simple conservative anchor because I do not work through the full payoff details. My value is high, so I want a bid that feels competitive but still leaves some room. Others could bid low, medium, or high, so I choose a round bid a bit below my value.",c0_f0_b1,cot_basis,0.0,0.0,1.0
7,0,26,17.0,-9.0,0.6538461538461539,-0.33333333333333215,"I use a simple, cautious anchor because I should not do deep payoff calculations. My value is 26, and in a first-price auction a moderate bid feels safe and competitive. Others could bid low, medium, or high, so I keep my bid below my value but not too low.",c0_f0_b1,cot_basis,0.0,0.0,1.0
7,1,35,24.0,-11.0,0.6857142857142857,0.6666666666666679,"I will use a simple cautious anchor below my value and avoid any deep payoff calculation. My value is 35, and with two other bidders I expect bids could be low, medium, or high, so I choose a moderate bid that feels competitive but still leaves some room.",c0_f0_b1,cot_basis,0.0,0.0,1.0
7,2,12,8.0,-4.0,0.6666666666666666,0.0,"I use a simple safe anchor below my value and do not work through payoff contingencies. My value is 12, and other bidders could be low, medium, or high, so I stay moderately cautious rather than aggressive. A round bid a bit under value feels like the easiest choice.",c0_f0_b1,cot_basis,0.0,0.0,1.0
8,0,46,41.0,-5.0,0.8913043478260869,10.333333333333336,"I use a simple cautious anchor below my value and do not work through later outcomes. My value is high, so I should bid fairly strongly, but I keep a little gap for safety because others could bid low, medium, or high. A round number near the upper range feels appropriate.",c0_f0_b1,cot_basis,0.0,0.0,1.0
8,1,6,2.0,-4.0,0.3333333333333333,-2.0,"I use a simple safe anchor because I should not do deep payoff calculations. My value is low, so a cautious bid feels best. Other bidders could be low, medium, or high, so I stay modest rather than aggressive.",c0_f0_b1,cot_basis,0.0,0.0,1.0
8,2,15,10.0,-5.0,0.6666666666666666,0.0,"I will use a simple, cautious anchor because I should not do deep payoff calculations. My value is $15, and in a first-price auction a moderate bid feels safe and still competitive. Others could bid low, medium, or high, so I choose a round bid below my value rather than pushing too hard.",c0_f0_b1,cot_basis,0.0,0.0,1.0
9,0,48,38.0,-10.0,0.7916666666666666,6.0,"I will use a simple cautious anchor because I do not do deep payoff calculations. My value is high, so I should bid fairly strongly, but not all the way to the top. Other bidders could be low, medium, or high, so I choose a round bid that feels competitive and safe.",c0_f0_b1,cot_basis,0.0,0.0,1.0
9,1,19,13.0,-6.0,0.6842105263157895,0.3333333333333339,"I use a simple conservative anchor because I should not do detailed payoff calculations. My value is 19, so bidding somewhat below that feels safe in a first-price auction. Others could bid low, medium, or high, so I stay moderately competitive without pushing all the way to my value.",c0_f0_b1,cot_basis,0.0,0.0,1.0
9,2,39,30.0,-9.0,0.7692307692307693,4.0,"I keep this simple and do not work through payoff contingencies. My value is high, so a moderately strong bid feels appropriate, but I still leave some room below value because others could bid low, medium, or high. I choose a round, cautious bid that is competitive without being too aggressive.",c0_f0_b1,cot_basis,0.0,0.0,1.0
0,0,48,38.0,-10.0,0.7916666666666666,6.0,"I use a simple conservative anchor below my value and do not work through payoff contingencies. Since others may bid seriously in a first-price auction, I want a bid that looks competitive but still leaves some cushion. A round, moderate-high bid feels safest with my value of 48.",c0_f0_b2,cot_basis,0.0,0.0,2.0
0,1,18,12.0,-6.0,0.6666666666666666,0.0,"I won’t do payoff simulation or conditional cases. My value is 18, so I use a simple conservative bid below it. Since other bidders may shade or bid aggressively in a first-price auction, I stay moderate rather than extreme. A round, safe anchor feels appropriate here.",c0_f0_b2,cot_basis,0.0,0.0,2.0
0,2,47,40.0,-7.0,0.851063829787234,8.666666666666668,"I use a simple conservative anchor below my value and do not work through detailed payoff cases. Since other bidders may shade or bid near value in a first-price auction, I want a bid that looks competitive but still leaves some room. I keep it straightforward and choose a rounded bid near the top of my value.",c0_f0_b2,cot_basis,0.0,0.0,2.0
1,0,12,8.0,-4.0,0.6666666666666666,0.0,"I keep this simple and do not work through win/lose contingencies. Since it is a first-price auction, other bidders may shade or bid near value, so I want a cautious but competitive bid below my $12 value. A round, safe anchor feels appropriate here.",c0_f0_b2,cot_basis,0.0,0.0,2.0
1,1,28,19.0,-9.0,0.6785714285714286,0.3333333333333357,"I will use a simple conservative anchor below my value and avoid detailed payoff calculations. Since other bidders may bid aggressively in a first-price auction, I want a bid that feels safe but still competitive. A round-number shade below my value fits my limited reasoning style.",c0_f0_b2,cot_basis,0.0,0.0,2.0
1,2,2,1.0,-1.0,0.5,-0.33333333333333326,"I keep it simple and cautious. My value is very low, and other bidders may bid around their own values or make small mistakes. I do not work through payoff cases; I just choose a low, safe-looking bid that stays near my value without getting aggressive.",c0_f0_b2,cot_basis,0.0,0.0,2.0
2,0,9,4.0,-5.0,0.4444444444444444,-2.0,"I use a simple cautious anchor because I should not do deep payoff calculations. My value is low, and other bidders may bid aggressively in a first-price auction, so I keep my bid clearly below my value but still competitive. A round, modest bid feels safest and consistent with my limited reasoning style.",c0_f0_b2,cot_basis,0.0,0.0,2.0
2,1,37,26.0,-11.0,0.7027027027027027,1.3333333333333357,"I will use a simple conservative anchor below my value and avoid any deep payoff calculation. Since other bidders may shade or bid aggressively in a first-price auction, I want a bid that feels competitive but still leaves some room. A round, cautious bid is the safest quick choice for me.",c0_f0_b2,cot_basis,0.0,0.0,2.0
2,2,30,20.0,-10.0,0.6666666666666666,0.0,"I keep it simple and do not work through win/lose contingencies. Since this is a first-price auction, other bidders may shade or bid cautiously, so a moderate bid feels like a safe, competitive choice without going too high. My value is 30, so I anchor below value and choose a round bid that seems strong but not aggressive.",c0_f0_b2,cot_basis,0.0,0.0,2.0
3,0,2,0.1,-1.9,0.05,-1.2333333333333332,"I keep this simple and do not work through payoff contingencies. My value is very low, so a small cautious bid feels safest. Other bidders may bid more aggressively in a first-price auction, so I avoid pushing my bid up.",c0_f0_b2,cot_basis,0.0,0.0,2.0
3,1,48,36.0,-12.0,0.75,4.0,"I won’t do detailed payoff calculations. My value is very high, so a strong bid feels appropriate. Other bidders may shade or bid aggressively in a first-price auction, so I want a competitive bid without going all the way to my full value. I’ll use a simple conservative anchor near the top of my value range.",c0_f0_b2,cot_basis,0.0,0.0,2.0
3,2,25,18.0,-7.0,0.72,1.3333333333333357,"I keep it simple and do not work through payoff contingencies. My value is 25, so a moderate bid feels safe. Since Andy and Betty may shade or bid near value, I want a bid that looks competitive without going too high. I’ll use a conservative round-number anchor below my value.",c0_f0_b2,cot_basis,0.0,0.0,2.0
4,0,24,16.0,-8.0,0.6666666666666666,0.0,"I keep this simple and do not simulate later outcomes. Since it is a first-price auction, other bidders may shade or bid near value, so I want a bid that looks competitive but still leaves some safety. With value 24, a conservative round-number anchor below value feels appropriate.",c0_f0_b2,cot_basis,0.0,0.0,2.0
4,1,12,8.0,-4.0,0.6666666666666666,0.0,"I keep this simple and do not work through win/lose contingencies. My value is 12, so I use a cautious bid below value. Since other bidders may shade or bid aggressively in a first-price auction, I choose a moderate, safe number rather than my full value.",c0_f0_b2,cot_basis,0.0,0.0,2.0
4,2,18,12.0,-6.0,0.6666666666666666,0.0,"I keep this simple and do not work through detailed win/lose contingencies. My value is 18, and in a first-price auction a cautious bid below value feels safest. Other bidders may shade or bid near value, so I choose a moderate, round bid that is still competitive without pushing too high.",c0_f0_b2,cot_basis,0.0,0.0,2.0
5,0,34,27.0,-7.0,0.7941176470588235,4.333333333333336,"I use a simple conservative anchor below my value because I do not do deep payoff calculations. Since other bidders may shade or bid near value in a first-price auction, I want a bid that looks competitive but still feels safe. A round number slightly under my value fits that bounded style.",c0_f0_b2,cot_basis,0.0,0.0,2.0
5,1,28,19.0,-9.0,0.6785714285714286,0.3333333333333357,"I will use a simple conservative anchor below my value and avoid detailed payoff calculations. Since other bidders may bid aggressively in a first-price auction, I want a bid that feels safe but still competitive. A round-number shade below my value fits my limited reasoning style.",c0_f0_b2,cot_basis,0.0,0.0,2.0
5,2,37,24.0,-13.0,0.6486486486486487,-0.6666666666666643,"I will keep this simple and cautious. Since other bidders may shade or bid around their values, I should not jump all the way to my own value. A round, moderate bid feels safe and still competitive in a first-price auction. I’ll use a conservative anchor below my value.",c0_f0_b2,cot_basis,0.0,0.0,2.0
6,0,23,15.0,-8.0,0.6521739130434783,-0.33333333333333215,"I will use a simple conservative bid below my value without working through detailed payoff cases. Other bidders may bid somewhat aggressively in a first-price auction, so I want a bid that feels competitive but still leaves room. A round, cautious anchor seems best at this level of reasoning.",c0_f0_b2,cot_basis,0.0,0.0,2.0
6,1,1,0.1,-0.9,0.1,-0.5666666666666667,"I keep it simple and cautious. My value is very low, and other bidders may bid aggressively in a first-price auction, so a tiny bid feels safest without overthinking the outcome. I use a low round number as my anchor.",c0_f0_b2,cot_basis,0.0,0.0,2.0
6,2,42,32.0,-10.0,0.7619047619047619,4.0,"I keep it simple and do not work through payoff contingencies. My value is high, and other bidders may shade or bid near value in a first-price auction, so I want a bid that looks competitive but still leaves some cushion. A moderate round bid feels safest under my limited reasoning.",c0_f0_b2,cot_basis,0.0,0.0,2.0
7,0,26,18.0,-8.0,0.6923076923076923,0.6666666666666679,"I use a simple conservative bid below my value because I do not do deep payoff calculations. Other bidders may shade or bid near value in a first-price auction, so I want a bid that feels competitive but still cautious. I anchor on a round fraction of my $26 value and keep it in the allowed 0.1 grid.",c0_f0_b2,cot_basis,0.0,0.0,2.0
7,1,35,27.0,-8.0,0.7714285714285715,3.666666666666668,"I use a simple conservative anchor below my value and do not work through payoff contingencies. Since other bidders may shade or bid near value in a first-price auction, I stay somewhat below $35 but still competitive. A round, safe bid feels appropriate.",c0_f0_b2,cot_basis,0.0,0.0,2.0
7,2,12,8.0,-4.0,0.6666666666666666,0.0,"I keep this simple and do not work through win/lose contingencies. Since it is a first-price auction, other bidders may shade or bid near value, so a cautious bid below my $12 value feels reasonable. I use a round, safe anchor rather than pushing too high.",c0_f0_b2,cot_basis,0.0,0.0,2.0
8,0,46,34.5,-11.5,0.75,3.8333333333333357,"I use a simple conservative anchor below my value and do not work through detailed contingencies. Since other bidders may shade or bid aggressively in a first-price auction, I want a bid that feels competitive but still leaves some margin. A round bid near the upper-middle of my value seems like the safest quick choice.",c0_f0_b2,cot_basis,0.0,0.0,2.0
8,1,6,3.0,-3.0,0.5,-1.0,"I use a simple conservative anchor because I do not do deep payoff simulation. My value is low, and other bidders may bid aggressively or make mistakes in a first-price auction, so I keep my bid safely below my value and round to an easy number.",c0_f0_b2,cot_basis,0.0,0.0,2.0
8,2,15,10.0,-5.0,0.6666666666666666,0.0,"I keep it simple and do not work through payoff contingencies. My value is 15, and in a first-price auction a cautious bid below value feels safest. Other bidders may shade or bid near value, so I choose a moderate round bid that stays conservative.",c0_f0_b2,cot_basis,0.0,0.0,2.0
9,0,48,38.0,-10.0,0.7916666666666666,6.0,"I use a simple conservative anchor below my value and do not work through payoff contingencies. Since others may bid seriously in a first-price auction, I want a bid that looks competitive but still leaves some cushion. A round, moderate-high bid feels safest with my value of 48.",c0_f0_b2,cot_basis,0.0,0.0,2.0
9,1,19,12.0,-7.0,0.631578947368421,-0.6666666666666661,"I will use a simple conservative bid below my $19 value. Other bidders may shade or bid aggressively in a first-price auction, so I want a bid that feels safe without trying to optimize too much. A round-number anchor seems best here.",c0_f0_b2,cot_basis,0.0,0.0,2.0
9,2,39,30.0,-9.0,0.7692307692307693,4.0,"I will keep this simple and cautious. I know other bidders may shade or bid near their values, so I should not go too low. I will use a conservative bid below my value, with a round number that feels safe and still competitive.",c0_f0_b2,cot_basis,0.0,0.0,2.0
0,0,48,38.4,-9.600000000000001,0.7999999999999999,6.399999999999999,"I use a simple self-focused rule and do not model the other bidders. Since this is a first-price auction, winning at too high a bid would reduce my payoff directly. One step ahead, I want a bid that is below my value but still reasonably strong. A conservative anchor near the upper part of my value feels appropriate, while leaving some margin.",c0_f1_b0,cot_basis,0.0,1.0,0.0
0,1,18,12.0,-6.0,0.6666666666666666,0.0,"I use a simple self-focused rule and do not model the other bidders. Since this is a first-price auction, I look one step ahead: if I win, my payoff is value minus my bid, so a very high bid would cut into my gain. I avoid complex contingency reasoning and choose a conservative bid below my value that still looks competitive. With value 18, a moderate round bid feels safe.",c0_f1_b0,cot_basis,0.0,1.0,0.0
0,2,47,43.0,-4.0,0.9148936170212766,11.666666666666668,"I will keep this simple and self-focused. Since winning at my own bid gives me value minus bid, I want a bid that is safely below my value and still strong-looking. I will use a conservative one-step anchor rather than trying to optimize against others. A round bid a bit under 47 feels reasonable and avoids an obvious loss if I win.",c0_f1_b0,cot_basis,0.0,1.0,0.0
1,0,12,9.0,-3.0,0.75,1.0,"I use a simple self-focused rule and do not think about the other bidders. Since winning means I pay my own bid, I want a cautious bid below my value of 12 so winning would still leave some gain. I do not do deeper strategic reasoning; I just choose a conservative round bid that feels safe.",c0_f1_b0,cot_basis,0.0,1.0,0.0
1,1,28,22.4,-5.600000000000001,0.7999999999999999,3.7333333333333343,"I use a simple self-focused rule and do not model the other bidders. Since winning in a first-price auction means I pay my own bid, I look one step ahead and avoid bidding too close to my $28 value. A conservative round bid below value feels safe and still gives a chance to win.",c0_f1_b0,cot_basis,0.0,1.0,0.0
1,2,2,1.0,-1.0,0.5,-0.33333333333333326,"I use a simple self-focused rule: with value $2, I keep the bid low so winning would not obviously cost more than my value. I do not think about the other bidders or try to optimize beyond one step. A small round bid is the safest-looking choice.",c0_f1_b0,cot_basis,0.0,1.0,0.0
2,0,9,6.0,-3.0,0.6666666666666666,0.0,"I use a simple self-focused rule and do not model the other bidders. Since this is a first-price auction, winning at too high a bid would leave me with little payoff. With value 9, a cautious one-step choice is a round bid below my value that still gives a chance to win. I avoid complex contingencies and pick a conservative anchor.",c0_f1_b0,cot_basis,0.0,1.0,0.0
2,1,37,28.0,-9.0,0.7567567567567568,3.3333333333333357,"I use a simple self-focused rule and do not model the other bidders. Since this is a first-price auction, I look one step ahead: if I win, paying my own bid should still leave me with a positive amount. I avoid bidding my full value and choose a conservative round bid below 37.",c0_f1_b0,cot_basis,0.0,1.0,0.0
2,2,30,20.0,-10.0,0.6666666666666666,0.0,"I will keep it simple and self-focused. I do not model the other bidders or search through many possibilities. Since winning means I get value 30 and pay my bid, I want a bid that feels safely below my value while still being a reasonable attempt to win. A conservative round-number bid is the easiest choice under this style.",c0_f1_b0,cot_basis,0.0,1.0,0.0
3,0,2,0.5,-1.5,0.25,-0.8333333333333333,"I use a simple self-focused rule and do not model the other bidders. My value is very low, so I look one step ahead and avoid a bid that could clearly eat into my value if I win. A small conservative bid feels safest in this first-price auction.",c0_f1_b0,cot_basis,0.0,1.0,0.0
3,1,48,36.0,-12.0,0.75,4.0,"I use a simple self-focused rule and do not model the other bidders. Since winning in a first-price auction means I pay my own bid, I look one step ahead and keep a conservative gap below my value so winning would still feel worthwhile. I avoid overthinking and choose a round, safe bid below 48.",c0_f1_b0,cot_basis,0.0,1.0,0.0
3,2,25,18.0,-7.0,0.72,1.3333333333333357,"I use a simple self-focused rule and do not model the other bidders. Since winning means I pay my own bid, I want a conservative bid below my $25 value so it does not obviously eat too much of the gain. I take one step ahead: a moderate bid can still win while leaving some positive payoff if I do win.",c0_f1_b0,cot_basis,0.0,1.0,0.0
4,0,24,16.0,-8.0,0.6666666666666666,0.0,"I use a simple self-focused rule and do not model the other bidders. Since winning in a first-price auction means I pay my own bid, I look one step ahead and keep the bid safely below my value of 24 so it should not obviously create a loss. A conservative round-number anchor feels appropriate.",c0_f1_b0,cot_basis,0.0,1.0,0.0
4,1,12,8.0,-4.0,0.6666666666666666,0.0,"I use a simple self-focused rule and do not model the other bidders. Since this is a first-price auction, bidding my full value could leave no gain if I win, so I choose a conservative amount below $12. I only look one step ahead and aim for a bid that seems safe while still giving a chance to win.",c0_f1_b0,cot_basis,0.0,1.0,0.0
4,2,18,12.0,-6.0,0.6666666666666666,0.0,"I will use a simple self-focused rule and not model the other bidders. Since winning means I pay my own bid, I want a cautious bid below my $18 value so winning would still likely leave some gain. I will use a conservative round bid and stop there.",c0_f1_b0,cot_basis,0.0,1.0,0.0
5,0,34,26.0,-8.0,0.7647058823529411,3.3333333333333357,"I use a simple self-focused rule and do not reason about the other bidders. Since winning in a first-price auction means I pay my own bid, I look one step ahead and keep a safe margin below my value so the bid should still leave me some gain if I win. A moderate conservative anchor below 34 feels appropriate.",c0_f1_b0,cot_basis,0.0,1.0,0.0
5,1,28,22.4,-5.600000000000001,0.7999999999999999,3.7333333333333343,"I use a simple self-focused rule and do not model the other bidders. Since winning in a first-price auction means I pay my own bid, I look one step ahead and avoid bidding too close to my $28 value. A conservative round bid below value feels safe and still gives a chance to win.",c0_f1_b0,cot_basis,0.0,1.0,0.0
5,2,37,27.0,-10.0,0.7297297297297297,2.3333333333333357,"I use a simple self-focused anchor and do not try to model the other bidders. With value 37, I look one step ahead: if I win, a bid that is too high would reduce my payoff, so I choose a conservative bid below my value. I avoid full strategic analysis and keep the bid in a safe range.",c0_f1_b0,cot_basis,0.0,1.0,0.0
6,0,23,15.3,-7.699999999999999,0.6652173913043479,-0.03333333333333144,"I use a simple self-focused rule and do not model the other bidders. Since this is a first-price auction, winning at my own bid means I keep value minus bid, so I want a bid that is clearly below my $23 value but still reasonably competitive. I will use a conservative one-step anchor near two-thirds of my value, rounded to the nearest 0.1.",c0_f1_b0,cot_basis,0.0,1.0,0.0
6,1,1,0.2,-0.8,0.2,-0.4666666666666666,"I use a simple cautious anchor because I should not overthink the auction. My value is very low, so I look one step ahead and avoid a bid that would obviously leave little or no gain if I win. I ignore the other bidders and choose a small conservative bid in the allowed 0.1 increments.",c0_f1_b0,cot_basis,0.0,1.0,0.0
6,2,42,31.0,-11.0,0.7380952380952381,3.0,"I will keep this simple and self-focused. I do not do deep strategic reasoning or think about the other bidders. Since winning means I pay my own bid, I want a bid that is below my value of 42 and still reasonably strong. A conservative round-number bid feels safe while leaving some gain if I win.",c0_f1_b0,cot_basis,0.0,1.0,0.0
7,0,26,18.0,-8.0,0.6923076923076923,0.6666666666666679,"I use a simple self-focused rule and do not model the other bidders. Since winning in a first-price auction means I pay my own bid, I look one step ahead and keep a safe margin below my value of 26 so the bid does not obviously eat up too much of the gain. A conservative round bid is the safest choice.",c0_f1_b0,cot_basis,0.0,1.0,0.0
7,1,35,27.5,-7.5,0.7857142857142857,4.166666666666668,"I use a simple self-focused rule: my value is 35, and in a first-price auction winning at my own bid would leave me with value minus bid. I will not do deep strategic reasoning or think about other bidders. A cautious one-step choice is to bid below my value so winning would still look acceptable.",c0_f1_b0,cot_basis,0.0,1.0,0.0
7,2,12,8.0,-4.0,0.6666666666666666,0.0,"I use a simple self-focused rule and do not model the other bidders. Since winning means I pay my own bid, I look one step ahead and avoid bidding too close to my $12 value. A conservative bid below value feels safest, so I choose a round amount that should still leave a positive gain if I win.",c0_f1_b0,cot_basis,0.0,1.0,0.0
8,0,46,36.0,-10.0,0.782608695652174,5.333333333333336,"I use a simple self-focused rule and do not model the other bidders. Since winning at my own bid would still leave me positive as long as the bid stays below my value, I choose a conservative but fairly high bid near my value. I stop after this one-step check and avoid more complex reasoning.",c0_f1_b0,cot_basis,0.0,1.0,0.0
8,1,6,2.0,-4.0,0.3333333333333333,-2.0,"I use a simple self-focused rule and do not model the other bidders. Since winning means paying my own bid in a first-price auction, I want a low bid that still gives a chance to win without obviously eating up my value. With value 6, a cautious one-step choice is to bid a small fraction of my value and stop there.",c0_f1_b0,cot_basis,0.0,1.0,0.0
8,2,15,10.0,-5.0,0.6666666666666666,0.0,"I use a simple conservative anchor below my value and do not build any if-then cases. Since winning at my own bid would leave me with some positive amount, I pick a cautious bid that stays well below $15. I ignore the other bidders and only use my own value plus the rule that the highest bid wins and pays its own bid.",c0_f1_b0,cot_basis,0.0,1.0,0.0
9,0,48,38.4,-9.600000000000001,0.7999999999999999,6.399999999999999,"I use a simple self-focused rule and do not model the other bidders. Since this is a first-price auction, winning at too high a bid would reduce my payoff directly. One step ahead, I want a bid that is below my value but still reasonably strong. A conservative anchor near the upper part of my value feels appropriate, while leaving some margin.",c0_f1_b0,cot_basis,0.0,1.0,0.0
9,1,19,13.0,-6.0,0.6842105263157895,0.3333333333333339,"I use a simple self-focused rule and do not model the other bidders. Since winning in a first-price auction means paying my own bid, I look one step ahead and keep the bid safely below my $19 value so it does not obviously create a loss. A conservative rounded anchor feels appropriate here.",c0_f1_b0,cot_basis,0.0,1.0,0.0
9,2,39,29.4,-9.600000000000001,0.7538461538461538,3.3999999999999986,"I use a simple self-focused rule and do not model the other bidders. Since winning in a first-price auction means I pay my own bid, I look one step ahead and keep a clear positive gain by bidding below my value. A conservative round-number anchor near three-quarters of my value feels safe without overthinking.",c0_f1_b0,cot_basis,0.0,1.0,0.0
0,0,48,36.0,-12.0,0.75,4.0,"I use a simple cautious anchor below my value and do not do full strategic reasoning. My value is high, so I want a bid that is competitive but still leaves some gain if I win. Others could bid low, medium, or high, so I raise my bid enough to be in the running without pushing too close to my full value.",c0_f1_b1,cot_basis,0.0,1.0,1.0
0,1,18,12.0,-6.0,0.6666666666666666,0.0,"I use a simple cautious anchor because I should not overthink the auction. My value is 18, so I want a bid that stays below that and still looks competitive against two other bidders who could be low, medium, or high. One step ahead, winning at too high a bid would feel bad, so I keep a moderate bid rather than pushing near my full value.",c0_f1_b1,cot_basis,0.0,1.0,1.0
0,2,47,35.0,-12.0,0.7446808510638298,3.666666666666668,"I use a simple conservative bid based on my value without doing full strategic analysis. My value is high, so bidding too low could easily lose, but I still want some cushion so I do not bid all the way up to my value. Other bidders might bid low, medium, or high, so I choose a strong but not extreme round bid that feels competitive and still leaves some margin.",c0_f1_b1,cot_basis,0.0,1.0,1.0
1,0,12,7.2,-4.8,0.6,-0.7999999999999998,"I use a simple conservative anchor because I should not overthink the auction. My value is 12, so I want a bid that is clearly below value and still competitive enough against two other bidders who could be low, medium, or high. I only look one step ahead: if I win, a moderate bid should leave some positive earnings. A round, cautious bid seems safest.",c0_f1_b1,cot_basis,0.0,1.0,1.0
1,1,28,18.0,-10.0,0.6428571428571429,-0.6666666666666643,"I use a simple cautious anchor because I should not do deep strategic reasoning. My value is 28, so I want a bid that is clearly below that and still competitive against two other bidders who might bid low, medium, or high. One step ahead, a moderate bid could win without obviously risking a loss. I choose a round, conservative bid near the middle of my value.",c0_f1_b1,cot_basis,0.0,1.0,1.0
1,2,2,0.5,-1.5,0.25,-0.8333333333333333,"I keep it simple and cautious. My value is very low, so I only look one step ahead: a high bid could easily leave me with little or no gain if I win. Other bidders might bid low, medium, or high, so I use a small round bid that stays safely below my value and avoids obvious loss.",c0_f1_b1,cot_basis,0.0,1.0,1.0
2,0,9,6.0,-3.0,0.6666666666666666,0.0,"I use a simple cautious anchor because I should not overthink the other bidders. My value is 9, so I want a bid that feels safe and still gives a chance to win without risking an obvious loss. Others could bid low, medium, or high, so I stay below my value and keep it round and modest.",c0_f1_b1,cot_basis,0.0,1.0,1.0
2,1,37,29.6,-7.399999999999999,0.8,4.933333333333337,"I use a simple conservative anchor because I should not do deep strategic reasoning. My value is 37, so bidding somewhat below that feels safe while still competitive. Others could bid low, medium, or high, so I avoid an aggressive bid that could cut into earnings if I win. One step ahead, I just want a bid that could win without seeming too costly.",c0_f1_b1,cot_basis,0.0,1.0,1.0
2,2,30,20.0,-10.0,0.6666666666666666,0.0,"I keep it simple and do not do full strategic calculation. My value is 30, so I want a bid that is clearly below value and still competitive enough against the other bidders. Others could bid low, medium, or high, so I choose a moderate, cautious bid that should avoid an obvious loss if I win.",c0_f1_b1,cot_basis,0.0,1.0,1.0
3,0,2,0.5,-1.5,0.25,-0.8333333333333333,"I use a simple cautious anchor because my value is very low. I do not do full strategic calculation; I just look one step ahead and want to avoid an obvious loss if I win. Other bidders could be low, medium, or high, so I keep my bid tiny and safe relative to my $2 value.",c0_f1_b1,cot_basis,0.0,1.0,1.0
3,1,48,36.0,-12.0,0.75,4.0,"I use a simple conservative anchor below my value and do not do full strategic search. My value is high, so I want a bid that is competitive but still leaves some gain if I win. Others could bid low, medium, or high, so I lean a bit more aggressive than a low-value case, but I stop after one step of checking that the bid does not look obviously too high.",c0_f1_b1,cot_basis,0.0,1.0,1.0
3,2,25,16.0,-9.0,0.64,-0.6666666666666643,"I keep it simple and cautious. My value is 25, so I want a bid that is clearly below that and unlikely to create a bad outcome if I win. I do not do deep strategy or detailed opponent modeling. Since others could bid low, medium, or high, I choose a moderate bid that stays safe while still giving me a chance to win.",c0_f1_b1,cot_basis,0.0,1.0,1.0
4,0,24,18.0,-6.0,0.75,2.0,"I use a simple conservative anchor below my value and do not work through complicated contingencies. My value is 24, so I want a bid that is competitive but still leaves some margin if I win. Others could bid low, medium, or fairly high, so I stay cautious and choose a round bid a bit under my value.",c0_f1_b1,cot_basis,0.0,1.0,1.0
4,1,12,7.2,-4.8,0.6,-0.7999999999999998,"I use a simple cautious anchor because I should not do deep strategic reasoning. My value is 12, so I want a bid that is clearly below value and still competitive enough against two other bidders who could bid low, medium, or high. One step ahead, winning at a moderate bid should not obviously create a loss. I will choose a round, conservative bid near the middle of my value.",c0_f1_b1,cot_basis,0.0,1.0,1.0
4,2,18,10.0,-8.0,0.5555555555555556,-2.0,"I use a simple conservative anchor because I should not overthink the auction. My value is 18, so I want a bid that stays below it and does not feel too aggressive. Other bidders could be low, medium, or high, so I lean cautious but still competitive. A round bid a bit above half my value seems like a reasonable one-step move.",c0_f1_b1,cot_basis,0.0,1.0,1.0
5,0,34,24.0,-10.0,0.7058823529411765,1.3333333333333357,"I keep it simple and do not do full strategic calculation. My value is 34, so I want a bid that is clearly below value but still competitive enough against two other bidders who could bid low, medium, or high. One step ahead, if I win at this bid I should still have a positive margin. A moderate, round bid feels safest under my bounded style.",c0_f1_b1,cot_basis,0.0,1.0,1.0
5,1,28,18.0,-10.0,0.6428571428571429,-0.6666666666666643,"I use a simple cautious anchor because I should not do deep strategic reasoning. My value is 28, so I want a bid that is clearly below that and still competitive against two other bidders who might bid low, medium, or high. One step ahead, a moderate bid could win without obviously risking a loss. I choose a round, conservative bid near the middle of my value.",c0_f1_b1,cot_basis,0.0,1.0,1.0
5,2,37,28.0,-9.0,0.7567567567567568,3.3333333333333357,"I use a simple conservative anchor below my value and do not work through detailed contingencies. My value is 37, so bidding somewhat below that feels safe while still competitive. Other bidders could be low, medium, or high, so I avoid an aggressive bid that might cut my payoff too much if I win. I look one step ahead: if I win, I want the bid to leave a reasonable gain.",c0_f1_b1,cot_basis,0.0,1.0,1.0
6,0,23,17.0,-6.0,0.7391304347826086,1.6666666666666679,"I use a simple cautious anchor below my value and do not work through complex contingencies. My value is 23, so a moderate bid feels competitive without looking too risky. Other bidders could be low, medium, or high, so I stay somewhat conservative and avoid bidding all the way up to my value.",c0_f1_b1,cot_basis,0.0,1.0,1.0
6,1,1,0.1,-0.9,0.1,-0.5666666666666667,"I keep it simple and cautious. My value is very low, so I only look one step ahead: a high bid could easily eat up the value if I win. Others might bid low, medium, or high, so I use a small round bid that gives me a chance without risking much.",c0_f1_b1,cot_basis,0.0,1.0,1.0
6,2,42,40.0,-2.0,0.9523809523809523,12.0,"I use a simple cautious anchor below my value and do not do full strategic calculation. My value is high at 42, so bidding too low could easily lose, but bidding all the way up would cut into earnings. Others might bid low, medium, or fairly high, so I choose a competitive but still slightly conservative round number one step below my value.",c0_f1_b1,cot_basis,0.0,1.0,1.0
7,0,26,17.0,-9.0,0.6538461538461539,-0.33333333333333215,"I use a simple cautious anchor because I should not overthink the auction. My value is 26, so I want a bid that is clearly below value and still competitive against others who may bid low, medium, or high. I only look one step ahead: if I win, I want the price not to feel too costly. A moderate round bid seems safe and reasonable.",c0_f1_b1,cot_basis,0.0,1.0,1.0
7,1,35,26.0,-9.0,0.7428571428571429,2.666666666666668,"I use a simple cautious anchor below my value and do not do deep strategic calculation. My value is 35, so I want a bid that could still leave some gain if I win, while staying competitive against bidders who might bid low, medium, or high. A round bid a bit under value feels like a safe one-step choice in a first-price auction.",c0_f1_b1,cot_basis,0.0,1.0,1.0
7,2,12,8.0,-4.0,0.6666666666666666,0.0,"I use a simple cautious anchor because I should not overthink the others’ bids. My value is 12, so I want a bid that is clearly below that and still competitive enough against low or medium bids. One step ahead, winning at this bid would likely leave some positive gain, and losing would just leave me unchanged. I’ll choose a round, conservative bid near the middle of my value.",c0_f1_b1,cot_basis,0.0,1.0,1.0
8,0,46,37.0,-9.0,0.8043478260869565,6.333333333333336,"I use a simple conservative anchor below my value and do not work through complicated contingencies. My value is high, so I want a bid that is competitive but still leaves some margin if I win. Others could bid low, medium, or high, so I stay moderately aggressive without going all the way to my value.",c0_f1_b1,cot_basis,0.0,1.0,1.0
8,1,6,2.0,-4.0,0.3333333333333333,-2.0,"I use a simple conservative bid because I should not overthink the auction. My value is low at $6, so I look one step ahead and avoid a bid that would obviously eat up most of my value if I win. Other bidders could be low, medium, or high, so I stay cautious and choose a small round bid that still gives me a chance.",c0_f1_b1,cot_basis,0.0,1.0,1.0
8,2,15,10.0,-5.0,0.6666666666666666,0.0,"I keep it simple and do not do deep strategic calculation. My value is $15, so I want a bid that is clearly below that and still competitive against others who might bid low, medium, or high. One step ahead, winning at a moderate bid should not obviously create a loss. A cautious round bid feels appropriate here.",c0_f1_b1,cot_basis,0.0,1.0,1.0
9,0,48,36.0,-12.0,0.75,4.0,"I use a simple cautious anchor below my value and do not do full strategic reasoning. My value is high, so I want a bid that is competitive but still leaves some gain if I win. Others could bid low, medium, or high, so I raise my bid enough to be in the running without pushing too close to my full value.",c0_f1_b1,cot_basis,0.0,1.0,1.0
9,1,19,13.0,-6.0,0.6842105263157895,0.3333333333333339,"I use a simple cautious anchor because I do not do full strategic modeling. My value is 19, so I want a bid that could win without looking too aggressive. Others may bid low, medium, or high, so I stay somewhat below my value to avoid an obvious loss if I win. One step ahead, a moderate bid seems like the safest balance.",c0_f1_b1,cot_basis,0.0,1.0,1.0
9,2,39,31.0,-8.0,0.7948717948717948,5.0,"I use a simple cautious anchor below my value and do not do full strategic calculation. My value is 39, so I want a bid that could still leave some gain if I win, while staying competitive because others may bid low, medium, or high. A round bid a bit under value feels like a safe one-step move.",c0_f1_b1,cot_basis,0.0,1.0,1.0
0,0,48,36.0,-12.0,0.75,4.0,"I use a simple conservative anchor below my value because I do not do full contingent analysis. My value is high, so a bid that is still clearly under 48 feels safe and competitive. I also think the other bidders may shade or bid near value in a first-price auction, so I should not bid too low. One step ahead, I want a bid that can still leave some positive earnings if I win.",c0_f1_b2,cot_basis,0.0,1.0,2.0
0,1,18,14.0,-4.0,0.7777777777777778,2.0,"I will keep the bid simple and cautious. Since this is a first-price auction, bidding too high would cut into my gain if I win. Other bidders may shade or bid near their values, so I want a bid that is competitive but still leaves some room below my $18 value. I will use a conservative round-number anchor a bit under value and avoid overthinking beyond one step.",c0_f1_b2,cot_basis,0.0,1.0,2.0
0,2,47,35.0,-12.0,0.7446808510638298,3.666666666666668,"I use a simple conservative anchor below my value and do not overthink the full payoff tree. Since this is a first-price auction, a bid too close to 47 could reduce my gain if I win, but bidding too low may lose against others who may shade or bid aggressively. With a high value of 47, a strong but still shaded bid feels reasonable.",c0_f1_b2,cot_basis,0.0,1.0,2.0
1,0,12,8.4,-3.5999999999999996,0.7000000000000001,0.40000000000000036,"I use a simple conservative anchor because I should not overcomplicate the auction. My value is 12, and in a first-price auction a bid near but below value seems reasonable. Other bidders may shade or bid a bit aggressively, so I avoid bidding too low. One-step lookahead: a bid that is too high could cut into earnings, while a very low bid may lose. I choose a moderate bid below my value.",c0_f1_b2,cot_basis,0.0,1.0,2.0
1,1,28,15.0,-13.0,0.5357142857142857,-3.6666666666666643,"I won’t do full if-then analysis. My value is 28, so I want a bid that is safely below value but still competitive because other bidders may shade or bid near value in a first-price auction. A simple conservative anchor is to bid a bit above half my value, rounded to the allowed 0.1 grid.",c0_f1_b2,cot_basis,0.0,1.0,2.0
1,2,2,0.5,-1.5,0.25,-0.8333333333333333,"I keep it simple and conservative. My value is very low, so I want a small bid that avoids obvious loss if I happen to win. Other bidders may bid more aggressively, so a low anchor seems reasonable in this first-price auction. I do not work through detailed contingencies; I just choose a safe low bid below my value.",c0_f1_b2,cot_basis,0.0,1.0,2.0
2,0,9,6.0,-3.0,0.6666666666666666,0.0,"I keep it simple and cautious. My value is $9, so I want a bid that feels safely below that and avoids an obvious loss if I win. Other bidders may shade or bid aggressively, but I will not overthink their exact moves. A modest round bid seems reasonable in a first-price auction.",c0_f1_b2,cot_basis,0.0,1.0,2.0
2,1,37,27.5,-9.5,0.7432432432432432,2.8333333333333357,"I won’t do full if-then analysis. My value is 37, so I want a bid that looks competitive but still leaves some margin if I win. Other bidders may shade or bid near value in a first-price auction, so I use a cautious, simple anchor below my value and round to the nearest 0.1.",c0_f1_b2,cot_basis,0.0,1.0,2.0
2,2,30,20.0,-10.0,0.6666666666666666,0.0,"I keep it simple: my value is 30, and in a first-price auction I want a bid that looks competitive but still leaves some margin. I think the other bidders may shade or bid near value, so I choose a moderate bid rather than going too low. I only look one step ahead and avoid any complex case analysis.",c0_f1_b2,cot_basis,0.0,1.0,2.0
3,0,2,0.5,-1.5,0.25,-0.8333333333333333,"I keep this simple and cautious. My value is very low, so I use a small bid that avoids obvious loss while still giving me a chance if the others also stay low. I think other bidders may bid more aggressively, but I do not try to model that deeply. A tiny round bid fits my limited one-step reasoning and keeps me from overpaying.",c0_f1_b2,cot_basis,0.0,1.0,2.0
3,1,48,38.0,-10.0,0.7916666666666666,6.0,"I use a simple conservative anchor below my value and do not trace complicated win/lose contingencies. Since this is a first-price auction, bidding too high could reduce my gain if I win. Other bidders may shade or bid near value, so I want a competitive but still cautious bid that looks strong without going all the way to 48. I’ll choose a round bid a bit under value.",c0_f1_b2,cot_basis,0.0,1.0,2.0
3,2,25,18.0,-7.0,0.72,1.3333333333333357,"I use a simple cautious anchor because I should not overthink the contingencies. My value is 25, and in a first-price auction winning at a very high bid would leave little gain. Other bidders may shade or bid near value, so I want a bid that is competitive but still leaves some margin. A round, conservative bid slightly below my value fits this bounded style and keeps the move straightforward.",c0_f1_b2,cot_basis,0.0,1.0,2.0
4,0,24,18.0,-6.0,0.75,2.0,"I keep it simple and conservative. My value is 24, so a bid a bit below that feels safe in a first-price auction. Other bidders may shade or bid near value, so I want a bid that can still compete without risking too much of my value. I only look one step ahead and avoid overthinking the full auction.",c0_f1_b2,cot_basis,0.0,1.0,2.0
4,1,12,7.2,-4.8,0.6,-0.7999999999999998,"I keep it simple and cautious. My value is 12, so I want a bid that is clearly below that and not too aggressive in a first-price auction. Other bidders may shade or bid near value, so a moderate bid should still give me a chance without feeling costly. I only look one step ahead and avoid pushing too close to my value.",c0_f1_b2,cot_basis,0.0,1.0,2.0
4,2,18,12.0,-6.0,0.6666666666666666,0.0,"I use a simple cautious anchor because I should not overthink the auction. My value is 18, so bidding a moderate fraction keeps the bid below value and avoids an obvious loss if I win. Other bidders may shade or bid near value in a first-price auction, so I should not bid too low. A round, conservative bid seems best within my one-step planning limit.",c0_f1_b2,cot_basis,0.0,1.0,2.0
5,0,34,24.0,-10.0,0.7058823529411765,1.3333333333333357,"I keep it simple and cautious. My value is 34, and in a first-price auction I should avoid bidding too close to my value because winning at a high bid would leave little profit. Other bidders may shade their bids or bid aggressively, so I want a competitive but still safe bid. I look one step ahead: a moderate bid should give me a chance to win without making the win feel costly.",c0_f1_b2,cot_basis,0.0,1.0,2.0
5,1,28,15.0,-13.0,0.5357142857142857,-3.6666666666666643,"I won’t do full if-then analysis. My value is 28, so I want a bid that is safely below value but still competitive because other bidders may shade or bid near value in a first-price auction. A simple conservative anchor is to bid a bit above half my value, rounded to the allowed 0.1 grid.",c0_f1_b2,cot_basis,0.0,1.0,2.0
5,2,37,24.7,-12.3,0.6675675675675675,0.03333333333333499,"I use a simple conservative anchor because I should not overthink contingencies. My value is 37, and in a first-price auction I want a bid that is high enough to compete but still leaves some gain if I win. Other bidders may shade or bid near value, so I choose a moderate bid rather than an extreme one. I look one step ahead: if I win at this bid, the payoff should still be positive.",c0_f1_b2,cot_basis,0.0,1.0,2.0
6,0,23,15.3,-7.699999999999999,0.6652173913043479,-0.03333333333333144,"I keep it simple and do not build a full if-then tree. My value is 23, so I want a bid that is safely below that while still looking competitive against other bidders who may shade or bid near value. One step ahead, a bid around two-thirds of value seems like a cautious way to stay in the game without risking an obvious loss.",c0_f1_b2,cot_basis,0.0,1.0,2.0
6,1,1,0.2,-0.8,0.2,-0.4666666666666666,"I keep it simple and cautious. My value is very low, so I use a small bid rather than trying to outthink the others. Other bidders may bid more aggressively in a first-price auction, so I avoid bidding near my value and choose a low round amount that still gives me a chance without risking much.",c0_f1_b2,cot_basis,0.0,1.0,2.0
6,2,42,33.6,-8.399999999999999,0.8,5.600000000000001,"I use a simple conservative anchor below my value because I do not do full contingent analysis. Since this is a first-price auction, bidding too high could reduce my gain if I win. Other bidders may shade or bid near value, so I want a competitive but still cautious bid one step below my value. A round number feels safe and plausible.",c0_f1_b2,cot_basis,0.0,1.0,2.0
7,0,26,17.5,-8.5,0.6730769230769231,0.16666666666666785,"I keep it simple and cautious. My value is 26, so a bid well below that feels safe in a first-price auction. Other bidders may shade or bid near value, so I want a competitive bid without pushing too close to my full value. I only look one step ahead: if I win at this bid, the gain should still be positive. A round, conservative anchor works best here.",c0_f1_b2,cot_basis,0.0,1.0,2.0
7,1,35,24.0,-11.0,0.6857142857142857,0.6666666666666679,"I keep it simple and cautious. My value is 35, so I want a bid that looks competitive without pushing too close to my value. Other bidders may shade or bid near value, so I use a moderate bid that could still win while leaving some margin. I only look one step ahead and avoid any deeper strategic calculation.",c0_f1_b2,cot_basis,0.0,1.0,2.0
7,2,12,8.0,-4.0,0.6666666666666666,0.0,"I keep this simple and cautious. My value is 12, so I want a bid that is clearly below it and does not feel risky in a first-price auction. Other bidders may shade or bid near value, so I should not go too low, but I also should avoid squeezing out too much profit. A round, moderate bid is the safest bounded choice.",c0_f1_b2,cot_basis,0.0,1.0,2.0
8,0,46,42.0,-4.0,0.9130434782608695,11.333333333333336,"I use a simple conservative anchor below my value and avoid overthinking contingencies. My value is high at 46, so I want a bid that looks competitive against other bidders who may shade or bid near value, but I still keep some margin so winning does not feel too costly. I look one step ahead only: a bid in the low 40s should be strong without pushing all the way to my value.",c0_f1_b2,cot_basis,0.0,1.0,2.0
8,1,6,2.0,-4.0,0.3333333333333333,-2.0,"I use a simple cautious anchor because I should not overthink contingencies. My value is low at 6, so I want a bid that looks competitive but still leaves room if I win. Other bidders may shade or bid near value in a first-price auction, so I avoid bidding too high. A modest fraction of my value seems safest within my limited reasoning.",c0_f1_b2,cot_basis,0.0,1.0,2.0
8,2,15,10.5,-4.5,0.7,0.5,"I use a simple cautious anchor below my value because this is a first-price auction and I should avoid an obvious loss. Other bidders may shade or bid near value, so a moderate bid seems competitive without going too high. With value 15, I look one step ahead and choose a bid that could win but still leaves some margin.",c0_f1_b2,cot_basis,0.0,1.0,2.0
9,0,48,36.0,-12.0,0.75,4.0,"I use a simple conservative anchor below my value because I do not do full contingent analysis. My value is high, so a bid that is still clearly under 48 feels safe and competitive. I also think the other bidders may shade or bid near value in a first-price auction, so I should not bid too low. One step ahead, I want a bid that can still leave some positive earnings if I win.",c0_f1_b2,cot_basis,0.0,1.0,2.0
9,1,19,15.0,-4.0,0.7894736842105263,2.333333333333334,"I keep it simple and do not build a full if-then tree. My value is 19, so I want a bid that looks competitive but leaves some room. Other bidders may shade or bid near value in a first-price auction, so I choose a moderate bid one step below my value to stay in the game without going too high.",c0_f1_b2,cot_basis,0.0,1.0,2.0
9,2,39,31.2,-7.800000000000001,0.7999999999999999,5.199999999999999,"I keep it simple and cautious. My value is high, so bidding too low risks losing, but bidding all the way up leaves little gain. Other bidders may shade or bid near value, so I choose a strong but not full-value bid that still leaves room for profit if I win. One step ahead, this looks like a reasonable balance between winning and keeping some earnings.",c0_f1_b2,cot_basis,0.0,1.0,2.0
0,0,48,40.0,-8.0,0.8333333333333334,8.0,"I will stay self-focused and use only my value and the first-price rule. I compare a few simple bids: 32 leaves more margin, 40 is a moderate aggressive bid, and 44 is very aggressive but reduces my gain. Since my value is 48, a bid around the low 40s still looks like a strong, simple choice without pushing all the way to value. I ignore the other bidders and choose the bid that balances winning with keeping some payoff.",c0_f2_b0,cot_basis,0.0,2.0,0.0
0,1,18,12.0,-6.0,0.6666666666666666,0.0,"I will use a simple self-focused rule and avoid thinking about other bidders’ values or bids. Since this is a first-price auction, I compare a few conservative bids against my value of 18: a low bid keeps more value if I win, while a higher bid may help me win but costs more. A moderate bid feels like the safest balance under my limited reasoning, so I choose a round number below my value rather than bidding it all.",c0_f2_b0,cot_basis,0.0,2.0,0.0
0,2,47,36.0,-11.0,0.7659574468085106,4.666666666666668,"I will use a simple self-focused rule and avoid any reasoning about other bidders. My value is high, so I compare a conservative bid near my value with a slightly lower bid that keeps more margin. A very low bid feels too cautious for a first-price auction, while bidding almost my full value feels too aggressive. A round bid around the middle-high range seems like the best balance under my limited style.",c0_f2_b0,cot_basis,0.0,2.0,0.0
1,0,12,8.0,-4.0,0.6666666666666666,0.0,"I will use a simple self-focused rule and avoid thinking about the other bidders. I compare a low bid like 6 with a more aggressive bid like 9. A lower bid keeps more value if it wins, while a higher bid looks more competitive but leaves less payoff. Since my value is 12, a cautious middle bid seems like the best fit for my limited reasoning.",c0_f2_b0,cot_basis,0.0,2.0,0.0
1,1,28,18.0,-10.0,0.6428571428571429,-0.6666666666666643,"I will use a simple self-focused rule and compare a few bids without thinking about other bidders’ values. Since this is a first-price auction, a very low bid like 14 keeps more value if I win but may be too cautious, while a higher bid like 20 is more aggressive but leaves less payoff. A middle bid around two-thirds of my value feels like a balanced anchor. I ignore beliefs about the others and choose a bid that is conservative but still competitive.",c0_f2_b0,cot_basis,0.0,2.0,0.0
1,2,2,0.1,-1.9,0.05,-1.2333333333333332,"I will keep this simple and self-focused. My value is very low at $2, so I compare a tiny bid like 0.1 with a more aggressive bid like 1.0. The higher bid could help me win more often, but it also uses up more of my value. A very small bid is the safer anchor under my cautious style, and I ignore the other bidders.",c0_f2_b0,cot_basis,0.0,2.0,0.0
2,0,9,5.0,-4.0,0.5555555555555556,-1.0,"I will keep the reasoning simple and self-focused. I compare a low bid like 4.0 with a higher bid like 7.0. The lower bid is safer because it leaves more value if it wins, while the higher bid may help me win more often but reduces earnings more. Since my value is only 9, I choose a moderate conservative bid rather than going near the top of my value.",c0_f2_b0,cot_basis,0.0,2.0,0.0
2,1,37,28.0,-9.0,0.7567567567567568,3.3333333333333357,"I will use a simple self-focused plan and not reason about the other bidders. I compare a few bids against my value of 37: a very low bid is safest but may not win, a mid-level bid is more competitive, and a high bid is closer to my value but leaves less margin. Since this is a first-price auction, I want a bid below 37 that still feels strong. A round, moderate-conservative bid fits my bounded style best.",c0_f2_b0,cot_basis,0.0,2.0,0.0
2,2,30,24.0,-6.0,0.8,4.0,"I will stay self-focused and ignore what the other bidders might do. I compare a few simple bids against my value of 30: a low bid like 18 feels safe but may be too low for a first-price auction, while a moderate bid like 24 keeps more of my value if I win. A higher bid like 27 raises the chance of winning but leaves less payoff. Using a conservative anchor below my value, I choose the moderate option.",c0_f2_b0,cot_basis,0.0,2.0,0.0
3,0,2,0.4,-1.6,0.2,-0.9333333333333332,"I will use a simple self-focused rule and avoid thinking about other bidders. My value is very low at 2, so I compare a very small bid against a slightly higher cautious bid. A tiny bid keeps any possible loss small, while a higher bid would use up more of my value. Since I am only using my own value and a conservative anchor, I choose the safer low bid.",c0_f2_b0,cot_basis,0.0,2.0,0.0
3,1,48,40.0,-8.0,0.8333333333333334,8.0,"I will stay self-focused and not reason about the other bidders. I compare a few simple bids against my value of 48: a low bid like 32 feels safer but may be too far below my value, while a higher bid like 40 is more aggressive and still leaves some margin. Since this is a first-price auction, I choose a moderate, value-based bid rather than my full value.",c0_f2_b0,cot_basis,0.0,2.0,0.0
3,2,25,18.0,-7.0,0.72,1.3333333333333357,"I will use a simple self-focused plan and avoid thinking about other bidders. I compare a low cautious bid like 16.0 with a more aggressive bid like 20.0. The lower bid keeps more of my value if it wins, while the higher bid is more forceful but gives up more payoff. Since I should use multi-step planning but stay simple, I choose a moderate round bid below my value.",c0_f2_b0,cot_basis,0.0,2.0,0.0
4,0,24,16.0,-8.0,0.6666666666666666,0.0,"I will use a simple self-focused plan and compare a few bids without thinking about other bidders’ values. Since this is a first-price auction, a very low bid is safer but may be too weak, while a moderate bid keeps more value if it wins. I compare 12, 16, and 18 against my value of 24, and choose a conservative middle bid that still leaves some earnings if it wins.",c0_f2_b0,cot_basis,0.0,2.0,0.0
4,1,12,8.0,-4.0,0.6666666666666666,0.0,"I will use a simple self-focused plan and not reason about other bidders. Since this is a first-price auction, I compare a few conservative bids against my value of 12: a very low bid keeps more if I win, a moderate bid may improve my chance to win, and bidding near my value risks little margin. A middle, cautious bid seems best for my bounded style.",c0_f2_b0,cot_basis,0.0,2.0,0.0
4,2,18,12.0,-6.0,0.6666666666666666,0.0,"I will keep the reasoning simple and self-focused. I compare a low bid like 9.0 with a more aggressive bid like 14.0. The lower bid is safer but may be too small relative to my value of 18, while the higher bid uses more of my value and still leaves some room. I do not think about other bidders’ bids or any conditional cases. A moderate round bid seems best for this round.",c0_f2_b0,cot_basis,0.0,2.0,0.0
5,0,34,24.0,-10.0,0.7058823529411765,1.3333333333333357,"I will use a simple self-focused plan and not reason about other bidders. I compare a conservative bid around two-thirds of my value with a slightly higher bid that may improve my chance to win. My value is 34, so a low anchor is about 22 and a more aggressive anchor is about 24. Since I should use multi-step planning but keep the reasoning simple, I choose the moderate option that stays below value while still looking like a serious bid.",c0_f2_b0,cot_basis,0.0,2.0,0.0
5,1,28,18.0,-10.0,0.6428571428571429,-0.6666666666666643,"I will use a simple self-focused rule and compare a few bids without thinking about other bidders’ values. Since this is a first-price auction, a very low bid like 14 keeps more value if I win but may be too cautious, while a higher bid like 20 is more aggressive but leaves less payoff. A middle bid around two-thirds of my value feels like a balanced anchor. I ignore beliefs about the others and choose a bid that is conservative but still competitive.",c0_f2_b0,cot_basis,0.0,2.0,0.0
5,2,37,25.0,-12.0,0.6756756756756757,0.3333333333333357,"I will use my own value as the main cue and avoid reasoning about other bidders. I compare a few simple bids: a low bid like 18 keeps more value if it wins, a middle bid like 25 feels more competitive, and a higher bid like 30 is safer for winning but leaves less profit. Since I should plan a few steps ahead without using contingent payoff cases, I choose a moderate bid that balances strength and caution.",c0_f2_b0,cot_basis,0.0,2.0,0.0
6,0,23,15.0,-8.0,0.6521739130434783,-0.33333333333333215,"I will keep the reasoning simple and self-focused. I compare a few bids: 11.5 feels very cautious, 15.0 is a moderate anchor, and 18.0 is more aggressive. Since this is a first-price auction, a higher bid raises the chance of winning but also lowers my payoff if I win. Using my own value of 23, the moderate bid seems like the best balance under my limited style. I ignore what the other bidders may do and choose a round, conservative bid below my value.",c0_f2_b0,cot_basis,0.0,2.0,0.0
6,1,1,0.2,-0.8,0.2,-0.4666666666666666,"I use a simple self-focused rule and do not reason about other bidders. My value is very low, so I compare a tiny bid, a moderate bid, and bidding my full value. A tiny bid keeps risk low; a moderate bid raises the chance of winning but could cost too much; bidding full value feels too aggressive for such a small prize. The safest-looking choice is a low round bid below value.",c0_f2_b0,cot_basis,0.0,2.0,0.0
6,2,42,31.5,-10.5,0.75,3.5,"I will use a simple self-focused bidding rule and avoid thinking about the other bidders. Since my value is 42, I compare a few straightforward bids: a low cautious bid, a mid-range bid, and a high bid near my value. A very low bid keeps more margin but may be too small for me to feel committed; a mid-range bid balances caution and competitiveness; bidding near 42 uses most of my value. I choose a conservative but still serious bid.",c0_f2_b0,cot_basis,0.0,2.0,0.0
7,0,26,18.0,-8.0,0.6923076923076923,0.6666666666666679,"I will keep it simple and self-focused. I compare a few bids against my value of 26: a low bid around 13 feels safer, a middle bid around 18 is more competitive, and a high bid near 24 uses most of my value. Since I should use multi-step planning but not contingent or belief reasoning, I choose a moderate bid that balances staying in the auction with leaving some margin.",c0_f2_b0,cot_basis,0.0,2.0,0.0
7,1,35,25.0,-10.0,0.7142857142857143,1.6666666666666679,"I will use a simple self-focused plan and avoid guessing about the other bidders. I compare a few bids against my value of 35: a low bid like 20 keeps more margin if I win, a middle bid like 25 is a balanced choice, and a higher bid like 30 raises my chance of winning but leaves less profit. Since I should use multi-step planning but not contingent or belief reasoning, I choose a moderate bid that stays below my value.",c0_f2_b0,cot_basis,0.0,2.0,0.0
7,2,12,8.0,-4.0,0.6666666666666666,0.0,"I will stay self-focused and ignore the other bidders. I compare a few simple bids against my value of 12: a very low bid keeps things safe, a mid bid gives a better chance to win, and a high bid would cut into earnings too much. Since this is a first-price auction, I use a conservative bid below my value rather than pushing close to 12. The middle option seems like the best balance for my bounded style.",c0_f2_b0,cot_basis,0.0,2.0,0.0
8,0,46,32.2,-13.799999999999997,0.7000000000000001,1.5333333333333385,"I will use a simple self-focused plan with multi-step comparison. A very low bid is safest but may be too weak, while a very high bid uses more of my value. I compare a moderate round bid around 70% of value versus a higher bid around 80% of value. Since I should stay cautious and not overcommit, I choose the moderate option as the best balance for my own value.",c0_f2_b0,cot_basis,0.0,2.0,0.0
8,1,6,2.0,-4.0,0.3333333333333333,-2.0,"I will keep this simple and self-focused. I compare a low bid like 2.0 against a more aggressive bid like 4.0. A lower bid is safer for my earnings, while a higher bid uses more of my value. Since my value is only 6, I choose a modest bid that still uses a multi-step check but stays conservative. I ignore the other bidders and use my own value as the anchor.",c0_f2_b0,cot_basis,0.0,2.0,0.0
8,2,15,10.0,-5.0,0.6666666666666666,0.0,"I use a simple self-focused plan with no guesswork about the others. My value is 15, so I compare a low cautious bid, a middle bid, and a near-value bid. A very low bid keeps payment risk low but may be too small to matter; a middle bid feels like a balanced choice; a near-value bid is aggressive. Since I should use multi-step planning but stay simple, I choose the middle conservative option below my value.",c0_f2_b0,cot_basis,0.0,2.0,0.0
9,0,48,40.0,-8.0,0.8333333333333334,8.0,"I will stay self-focused and use only my value and the first-price rule. I compare a few simple bids: 32 leaves more margin, 40 is a moderate aggressive bid, and 44 is very aggressive but reduces my gain. Since my value is 48, a bid around the low 40s still looks like a strong, simple choice without pushing all the way to value. I ignore the other bidders and choose the bid that balances winning with keeping some payoff.",c0_f2_b0,cot_basis,0.0,2.0,0.0
9,1,19,12.0,-7.0,0.631578947368421,-0.6666666666666661,"I will use a simple self-focused plan and compare a few bids without thinking about other bidders’ likely actions. My value is 19, so a very low bid like 9 feels safe but may be too far below my value, while a higher bid like 15 keeps more of my value if I win but is less conservative. A middle bid around 12 is a balanced anchor: it is below my value, uses multi-step comparison, and stays within my bounded reasoning style.",c0_f2_b0,cot_basis,0.0,2.0,0.0
9,2,39,26.0,-13.0,0.6666666666666666,0.0,"I will use a simple self-focused anchor and compare a few bids without modeling anyone else. My value is 39, so a very low bid feels too cautious, while bidding all 39 feels too aggressive for a first-price auction. I compare a moderate bid around two-thirds of value and a slightly higher bid near three-quarters of value. The moderate bid seems like a balanced choice that keeps some expected gain while still being a serious bid.",c0_f2_b0,cot_basis,0.0,2.0,0.0
0,0,48,40.0,-8.0,0.8333333333333334,8.0,"I keep the reasoning simple and do not use contingency analysis. My value is very high at 48, so I compare a few round bids: 32 feels safer but may lose to others, 40 is more competitive, and 44 is aggressive but still below value. Since others could bid low, medium, or high, I want a strong bid without going all the way to my value. The best balance is a competitive bid that still leaves some margin.",c0_f2_b1,cot_basis,0.0,2.0,1.0
0,1,18,12.0,-6.0,0.6666666666666666,0.0,"I will keep the reasoning simple and bounded. My value is 18, so I compare a few round bids: 10, 12, and 14. A lower bid is safer for earnings but may lose to others who could bid low, medium, or high. A mid bid seems like a reasonable balance, and I avoid bidding too close to my full value. I will choose a cautious but competitive bid below my value.",c0_f2_b1,cot_basis,0.0,2.0,1.0
0,2,47,40.0,-7.0,0.851063829787234,8.666666666666668,"I will keep the reasoning simple and bounded. My value is high at 47, so I compare a few round bids: 35 feels cautious, 40 feels more competitive, and 44 feels aggressive. Since others could bid low, medium, or high, I want a bid that has a strong chance to win without going all the way to my value. I avoid any contingency analysis and use a moderately high, simple anchor. The best balance is 40.",c0_f2_b1,cot_basis,0.0,2.0,1.0
1,0,12,8.0,-4.0,0.6666666666666666,0.0,"I won’t do contingent payoff cases. My value is 12, so I compare a few simple bids: a low bid like 6 is safer but may lose to others; a middle bid like 8 keeps me competitive; a higher bid like 10 is more aggressive but leaves less room. Since others could bid low, medium, or high, I choose a moderately cautious bid that still has a decent chance to win.",c0_f2_b1,cot_basis,0.0,2.0,1.0
1,1,28,21.0,-7.0,0.75,2.3333333333333357,"I will not build a conditional payoff tree. My value is 28, so I compare a few simple bids: a low cautious bid, a moderate bid, and a more aggressive bid. Since others could bid low, medium, or high, I want a bid that is competitive without going too close to my value. A round, conservative anchor around three-quarters of value seems reasonable, and it keeps some margin if I win.",c0_f2_b1,cot_basis,0.0,2.0,1.0
1,2,2,1.2,-0.8,0.6,-0.1333333333333333,"I keep to a simple bounded approach: I will not do contingent payoff calculations, but I will compare a few bids. With value 2, a bid near 2 feels too aggressive for a first-price auction, while a very tiny bid may lose to others who could bid low or medium. A moderate low bid seems safest. I choose a round, conservative bid that stays below value and still gives some chance against cautious opponents.",c0_f2_b1,cot_basis,0.0,2.0,1.0
2,0,9,7.0,-2.0,0.7777777777777778,1.0,"I will keep the reasoning simple and bounded. My value is 9, so I compare a cautious bid around half my value with a more aggressive bid closer to value. A low bid like 4.5 is safer but may lose to medium bids from others. A higher bid like 7.0 gives a better chance to win, while still leaving some value if I win. Since others could bid low, medium, or high, I choose a moderate bid that balances winning chance and caution.",c0_f2_b1,cot_basis,0.0,2.0,1.0
2,1,37,30.0,-7.0,0.8108108108108109,5.333333333333336,"I will use a simple conservative anchor below my value and compare a few round bids. A very low bid like 20 feels safe but may lose to others. A mid bid like 28 or 30 seems more competitive while still leaving room. Since others could bid low, medium, or high, I lean moderately competitive rather than extreme. I will avoid overthinking the exact payoff and choose a bid that balances winning chance with caution.",c0_f2_b1,cot_basis,0.0,2.0,1.0
2,2,30,20.0,-10.0,0.6666666666666666,0.0,"I will keep the reasoning simple and bounded. My value is 30, so I compare a cautious bid, a moderate bid, and a more aggressive bid. A low bid is safer but may lose to others who bid medium or high. A moderate bid seems like a good balance between winning chance and keeping some earnings. A very high bid could win more often but leaves little margin. Since others could bid low, medium, or high, I choose a middle-ground bid.",c0_f2_b1,cot_basis,0.0,2.0,1.0
3,0,2,0.1,-1.9,0.05,-1.2333333333333332,"I keep the reasoning simple and bounded. My value is very low at 2, so I compare a tiny bid like 0.1 with a slightly more aggressive bid like 0.5. A tiny bid is safer and fits a cautious style, while a higher bid might win more often but risks giving up too much of my small value. Others could bid low, medium, or high, so I stay conservative and choose a low round bid near the bottom of the grid.",c0_f2_b1,cot_basis,0.0,2.0,1.0
3,1,48,42.0,-6.0,0.875,10.0,"I will use a simple, cautious bid based on my value without doing contingent payoff cases. My value is high at 48, so I want a bid that is competitive but still leaves some margin. I compare a few round bids: 38 feels safer but may lose to stronger bids, 42 feels more competitive, and 45 is aggressive but closer to my value. Since others could bid low, medium, or high, I choose a moderately high bid to balance winning chance and caution.",c0_f2_b1,cot_basis,0.0,2.0,1.0
3,2,25,20.0,-5.0,0.8,3.3333333333333357,"I keep the reasoning simple and do not build conditional payoff cases. I compare a few bids against my value of 25: a low bid around 16 may be safer but could lose, a middle bid around 20 is more competitive, and a high bid near 24 is aggressive but leaves little margin. Since others could bid low, medium, or high, I choose a moderate-competitive bid that balances winning chance and caution.",c0_f2_b1,cot_basis,0.0,2.0,1.0
4,0,24,16.0,-8.0,0.6666666666666666,0.0,"I will keep the reasoning simple and bounded. My value is 24, so a full-value bid feels too aggressive. I compare a cautious bid around half my value versus a more competitive bid in the high teens. Others could bid low, medium, or high, so I want a bid that has a decent chance to compete without giving away too much. The middle option seems best for this one-shot round.",c0_f2_b1,cot_basis,0.0,2.0,1.0
4,1,12,9.0,-3.0,0.75,1.0,"I will keep the reasoning simple and bounded. I compare a few round bids near my value: 8, 9, and 10. A higher bid may improve my chance against the other bidders, who could be low, medium, or high, but bidding too close to 12 leaves little room. A conservative middle bid seems best for this one-round first-price auction, balancing winning chance and caution.",c0_f2_b1,cot_basis,0.0,2.0,1.0
4,2,18,12.0,-6.0,0.6666666666666666,0.0,"I will keep the reasoning simple and bounded. My value is 18, so I compare a few round bids: 9 is very safe but may lose, 12 is a moderate competitive bid, and 15 is more aggressive but leaves less margin. Since the others could bid low, medium, or high, I want a bid that is still competitive without pushing too close to my value. A moderate bid seems best for this one round.",c0_f2_b1,cot_basis,0.0,2.0,1.0
5,0,34,28.0,-6.0,0.8235294117647058,5.333333333333336,"I will keep the reasoning simple and bounded. I compare a few round bids near my value: 20 is safer but may lose, 28 is more competitive, and 32 is aggressive. Since others could bid low, medium, or high, I want a bid that has a decent chance to win without going all the way to my value. I choose a moderate, slightly cautious bid rather than an extreme one.",c0_f2_b1,cot_basis,0.0,2.0,1.0
5,1,28,21.0,-7.0,0.75,2.3333333333333357,"I will not build a conditional payoff tree. My value is 28, so I compare a few simple bids: a low cautious bid, a moderate bid, and a more aggressive bid. Since others could bid low, medium, or high, I want a bid that is competitive without going too close to my value. A round, conservative anchor around three-quarters of value seems reasonable, and it keeps some margin if I win.",c0_f2_b1,cot_basis,0.0,2.0,1.0
5,2,37,29.0,-8.0,0.7837837837837838,4.333333333333336,"I keep the reasoning simple and bounded. My value is 37, so I compare a few round bids: a cautious bid around 24, a middle bid around 29, and a more aggressive bid around 33. A lower bid is safer but may lose to others who bid medium or high. A higher bid improves my chance to win but leaves less earnings. Since others could bid low, medium, or high, I choose a competitive middle-high bid that stays below my value.",c0_f2_b1,cot_basis,0.0,2.0,1.0
6,0,23,15.0,-8.0,0.6521739130434783,-0.33333333333333215,"I won’t build a detailed if-then payment case. My value is 23, so I compare a few simple bids: a low cautious bid, a medium bid, and a more aggressive bid. Since others could bid low, medium, or high, I want a bid that is competitive but still leaves some margin. A moderate fraction of my value seems like the safest balanced choice in a first-price auction.",c0_f2_b1,cot_basis,0.0,2.0,1.0
6,1,1,0.1,-0.9,0.1,-0.5666666666666667,"I keep to a simple bounded approach. My value is very low at $1, so I compare a tiny bid, a moderate bid, and bidding near value. A tiny bid is safest and keeps me from overpaying, while a higher bid might improve winning chance but risks losing value. Since others could bid low, medium, or high, I stay cautious and use a low round bid close to zero.",c0_f2_b1,cot_basis,0.0,2.0,1.0
6,2,42,34.0,-8.0,0.8095238095238095,6.0,"I will use a simple conservative anchor below my value and compare a few rounded bids. A very low bid like 28 feels safe but may lose to others who could bid medium or high. A moderate bid like 34 keeps me competitive while still leaving some value. A higher bid like 38 improves winning chance but cuts my margin more. Since this is a first-price auction and others may bid low, medium, or high, I choose a middle-ground bid that is competitive without going too close to my value.",c0_f2_b1,cot_basis,0.0,2.0,1.0
7,0,26,21.0,-5.0,0.8076923076923077,3.666666666666668,"I use a simple, conservative first-price strategy without deep if-then analysis. My value is 26, so I compare a few round bids: 18 is safer but may lose, 21 is more competitive, and 24 is aggressive but leaves less margin. Since other bidders could be low, medium, or high, I want a bid that can still compete without going too close to my value. The middle option looks best for this bounded style.",c0_f2_b1,cot_basis,0.0,2.0,1.0
7,1,35,24.0,-11.0,0.6857142857142857,0.6666666666666679,"I will keep the reasoning simple and bounded. My value is 35, so I compare a few round bids: 17.5 feels cautious, 24 feels moderately competitive, and 30 feels aggressive. Since others could bid low, medium, or high, I want a bid that has a decent chance to win without going too close to my value. I will choose the middle option as a balanced, conservative bid.",c0_f2_b1,cot_basis,0.0,2.0,1.0
7,2,12,6.0,-6.0,0.5,-2.0,"I won’t do contingency calculations. My value is 12, so I compare a cautious bid around half my value versus a more aggressive bid near value. Since others could bid low, medium, or high, I want a bid that is competitive but still leaves some room. A round, moderate bid seems best for this first-price auction.",c0_f2_b1,cot_basis,0.0,2.0,1.0
8,0,46,41.0,-5.0,0.8913043478260869,10.333333333333336,"I won’t do contingency calculations beyond the surface rule. My value is high, so I want a bid that is competitive but still leaves some margin. I compare a few simple options: a low bid may lose to others, a mid-high bid may compete better, and a near-value bid is safer for winning but reduces earnings. Since others could bid low, medium, or high, I choose a strong but not extreme bid.",c0_f2_b1,cot_basis,0.0,2.0,1.0
8,1,6,3.0,-3.0,0.5,-1.0,"I will keep the reasoning simple and bounded. My value is $6, so I compare a few round bids: a very low bid like 1, a moderate bid like 3, and a more aggressive bid like 5. A low bid is safer for earnings but may lose more often; a higher bid may win more often but leaves less margin. Since others could bid low, medium, or high, I choose a moderate, cautious bid that still has a chance to compete.",c0_f2_b1,cot_basis,0.0,2.0,1.0
8,2,15,12.0,-3.0,0.8,2.0,"I will keep the reasoning simple and bounded. My value is 15, so I compare a few round bids: 10 feels cautious, 12 is a bit more competitive, and 14 is aggressive but still below value. Since others could bid low, medium, or high, I want a bid that has a decent chance without pushing too close to my value. The middle option looks best for this style.",c0_f2_b1,cot_basis,0.0,2.0,1.0
9,0,48,40.0,-8.0,0.8333333333333334,8.0,"I keep the reasoning simple and do not use contingency analysis. My value is very high at 48, so I compare a few round bids: 32 feels safer but may lose to others, 40 is more competitive, and 44 is aggressive but still below value. Since others could bid low, medium, or high, I want a strong bid without going all the way to my value. The best balance is a competitive bid that still leaves some margin.",c0_f2_b1,cot_basis,0.0,2.0,1.0
9,1,19,15.0,-4.0,0.7894736842105263,2.333333333333334,"I will keep the reasoning simple and bounded. My value is 19, so I compare a few round bids: a cautious bid around 12, a more competitive bid around 15, and a near-value bid around 18. Since others could bid low, medium, or high, I want a bid that has a decent chance to win without going too close to my full value. The middle option feels best: competitive but still leaving some room.",c0_f2_b1,cot_basis,0.0,2.0,1.0
9,2,39,34.0,-5.0,0.8717948717948718,8.0,"I will keep the reasoning simple and bounded. I compare a few round bids near my value: 30, 34, and 36. A very low bid feels too cautious and may lose to others who could bid medium or high. A very high bid feels aggressive and leaves less room if I win. Since others could bid low, medium, or high, I choose a competitive but not extreme bid near my value.",c0_f2_b1,cot_basis,0.0,2.0,1.0
0,0,48,44.0,-4.0,0.9166666666666666,12.0,"I compare a few simple bids near my value: 48.0, 44.0, and 40.0. A bid at 48.0 feels too aggressive because others may shade or make mistakes, and I do not want to overcommit. A lower bid like 40.0 is safer but may lose too often. A middle bid around 44.0 seems like a balanced choice: it keeps a strong chance to win while leaving some margin. I expect the others may bid somewhat below value, so I choose the middle option.",c0_f2_b2,cot_basis,0.0,2.0,2.0
0,1,18,12.0,-6.0,0.6666666666666666,0.0,"I keep it simple and conservative. I compare a low bid around half my value with a more aggressive bid closer to value. Other bidders may shade or bid near value in a first-price auction, so a bid that is too low may lose, while a bid too high leaves less margin. A moderate bid seems like the best balance for my style.",c0_f2_b2,cot_basis,0.0,2.0,2.0
0,2,47,35.0,-12.0,0.7446808510638298,3.666666666666668,"I will use a simple conservative anchor below my value, without doing full if-then payoff cases. Since my value is high at 47, a very low bid may lose too often, while bidding too close to 47 may leave little margin. I compare a moderate bid and a higher bid, and I expect the other bidders may shade or bid near value in a first-price auction. A strong but not extreme bid seems best for my bounded style.",c0_f2_b2,cot_basis,0.0,2.0,2.0
1,0,12,8.0,-4.0,0.6666666666666666,0.0,"I use a simple conservative anchor because I should not do full contingent payoff analysis. With value 12, I compare a low cautious bid, a moderate bid, and a near-value bid. Since other bidders may shade or bid aggressively in a first-price auction, a moderate bid seems more competitive than a tiny bid while still leaving some margin. I avoid pushing too close to my value and choose a round bid that feels safe and plausible.",c0_f2_b2,cot_basis,0.0,2.0,2.0
1,1,28,19.0,-9.0,0.6785714285714286,0.3333333333333357,"I will keep the bid simple and cautious, using my value as an anchor without deep payment contingency. I compare a few round bids: a low bid may save money but could lose to bidders who shade less, while a moderate bid may improve my chance against strategic opponents. Since others may bid near value or slightly below in a first-price auction, I choose a bid that is below my value but still competitive.",c0_f2_b2,cot_basis,0.0,2.0,2.0
1,2,2,0.1,-1.9,0.05,-1.2333333333333332,"I keep the reasoning simple and do not build payment contingencies. My value is very low at $2, so a high bid would risk overpaying. I compare a tiny bid like 0.1 with a slightly higher bid like 0.5: the higher one may improve winning a bit, but other bidders may also shade or bid near their values, so I stay cautious. A low round bid best fits my bounded style and keeps the bid below value.",c0_f2_b2,cot_basis,0.0,2.0,2.0
2,0,9,4.5,-4.5,0.5,-1.5,"I keep the reasoning simple and bounded. My value is $9, so I compare a few round bids: 3.0 is very cautious, 4.5 is a middle bid, and 6.0 is more aggressive. Other bidders may shade or bid near value in a first-price auction, so a middle bid seems like a reasonable balance between winning chance and keeping some surplus. I avoid overthinking the exact payoff and choose a bid that feels competitive but not too high.",c0_f2_b2,cot_basis,0.0,2.0,2.0
2,1,37,31.0,-6.0,0.8378378378378378,6.333333333333336,"I keep to a simple, conservative bid because I should not build detailed if-then cases. My value is 37, so I compare a few round bids: 22 feels too low against two other bidders, 28 is safer, and 31 is more aggressive but still below value. Since others may shade or bid near value in a first-price auction, I lean a bit higher to improve my winning chance while staying cautious.",c0_f2_b2,cot_basis,0.0,2.0,2.0
2,2,30,22.0,-8.0,0.7333333333333333,2.0,"I will keep it simple and conservative, without working through win/lose contingencies. I compare a few bids: 18 is safer but may lose to more aggressive bidders; 22 is a moderate bid that still leaves some margin; 25 is more competitive but cuts earnings more if I win. Since the other bidders may shade or bid near value in a first-price auction, I choose a middle bid that balances winning chance and caution.",c0_f2_b2,cot_basis,0.0,2.0,2.0
3,0,2,1.2,-0.8,0.6,-0.1333333333333333,"I keep to a simple bounded approach: I compare a very low bid, a moderate bid, and my full value. With value $2, a full-value bid feels too aggressive for a first-price auction, while a tiny bid may miss against bidders who shade less or bid near value. Since others may bid cautiously or truthfully, a middle-low bid seems like the safest balance between some chance to win and avoiding overpaying.",c0_f2_b2,cot_basis,0.0,2.0,2.0
3,1,48,46.5,-1.5,0.96875,14.5,"I keep to a simple bounded strategy: I do not build conditional payoff cases, but I do compare a few bids. With value 48, a very low bid may save money but risks losing to bidders who may shade or bid near value; a very high bid raises winning chance but cuts earnings. Since others may bid cautiously in a first-price auction, I choose a strong but slightly shaded bid near my value.",c0_f2_b2,cot_basis,0.0,2.0,2.0
3,2,25,18.0,-7.0,0.72,1.3333333333333357,"I will use a simple conservative bid anchored below my value, since I should not overcomplicate the payment rule. I compare a lower bid like 16, a middle bid like 18, and a more aggressive bid like 20. Other bidders may shade or bid near value, so too-low bids may lose, while too-high bids reduce my gain. A moderate bid around the middle seems safest for my style.",c0_f2_b2,cot_basis,0.0,2.0,2.0
4,0,24,18.0,-6.0,0.75,2.0,"I use a simple conservative anchor below my value because this is a first-price auction and I should not overthink the payment rule. I compare a lower bid around 16, a middle bid around 18, and a more aggressive bid around 20. Other bidders may shade or bid near value, so a bid that is too low may lose, while a bid too high cuts into earnings. The middle option seems like the best balance for my bounded reasoning style.",c0_f2_b2,cot_basis,0.0,2.0,2.0
4,1,12,8.0,-4.0,0.6666666666666666,0.0,"I will use a simple conservative anchor below my value because I should not do deep if-then payment reasoning. My value is 12, so I compare a low bid, a moderate bid, and a near-value bid. A low bid is safer but may lose to bidders who shade less or overbid; a moderate bid balances winning chance and keeping some margin; a near-value bid may win more but leaves little gain. Since others may bid aggressively or truthfully, I choose a moderate bid that stays below my value.",c0_f2_b2,cot_basis,0.0,2.0,2.0
4,2,18,12.0,-6.0,0.6666666666666666,0.0,"I will use a simple conservative anchor because I should not overcomplicate the payment rule. My value is 18, so I compare a low safe bid, a moderate bid, and a more aggressive bid. A very low bid may lose to others who bid near value or shade only a little. A moderate bid seems like a better balance if Andy or Betty bid somewhat cautiously. I will avoid bidding too close to 18 and choose a round bid that still gives a decent chance to win.",c0_f2_b2,cot_basis,0.0,2.0,2.0
5,0,34,27.0,-7.0,0.7941176470588235,4.333333333333336,"I keep it simple and use a conservative bid below my value, since I should not overthink the payment rule. I compare a few round bids: 24 is safer, 27 is a bit more competitive, and 30 is more aggressive. Other bidders may shade or bid near value in a first-price auction, so a middle-high bid seems reasonable without going all the way to my value. I choose the bid that balances winning chance and leaving some margin.",c0_f2_b2,cot_basis,0.0,2.0,2.0
5,1,28,19.0,-9.0,0.6785714285714286,0.3333333333333357,"I will keep the bid simple and cautious, using my value as an anchor without deep payment contingency. I compare a few round bids: a low bid may save money but could lose to bidders who shade less, while a moderate bid may improve my chance against strategic opponents. Since others may bid near value or slightly below in a first-price auction, I choose a bid that is below my value but still competitive.",c0_f2_b2,cot_basis,0.0,2.0,2.0
5,2,37,28.0,-9.0,0.7567567567567568,3.3333333333333357,"I will keep this simple and bounded. My value is 37, so I compare a few round bids: 24, 28, and 31. A low bid like 24 feels safer but may lose to bidders who shade less or bid near value. A mid bid like 28 balances winning chance and keeping some value. A higher bid like 31 may win more often, but it leaves less margin. Since others may bid cautiously or near value in a first-price auction, I choose the middle option as the best fit for my style.",c0_f2_b2,cot_basis,0.0,2.0,2.0
6,0,23,16.0,-7.0,0.6956521739130435,0.6666666666666679,"I keep the reasoning simple and bounded: I do not build win/lose contingencies, but I do compare a few bids against my value of 23. A very low bid may be safe but could lose to bidders who shade less or bid aggressively. A mid-range bid around 15–18 seems like a balanced anchor for a first-price auction, while a near-value bid would be too aggressive. Since other bidders may bid truthfully or slightly shaded, I choose a moderate bid that gives a decent chance to compete without going too high.",c0_f2_b2,cot_basis,0.0,2.0,2.0
6,1,1,0.1,-0.9,0.1,-0.5666666666666667,"I keep it simple and conservative because my value is very low. I compare a tiny bid like 0.1 with a slightly higher bid like 0.5: the higher bid might improve my chance a little, but it also risks paying too much in a first-price auction. Other bidders may bid more aggressively, so I should not chase them with my low value. A minimal bid best matches my cautious style.",c0_f2_b2,cot_basis,0.0,2.0,2.0
6,2,42,34.0,-8.0,0.8095238095238095,6.0,"I will use a simple conservative anchor below my value and compare a few nearby bids. A very low bid may save money but could lose to bidders who shade less or bid aggressively. A bid around the low-to-mid 30s seems safer against possible overbidding by Andy or Betty, while still leaving some margin below my value. I will avoid pushing all the way to my value and choose a balanced bid that looks competitive without being too aggressive.",c0_f2_b2,cot_basis,0.0,2.0,2.0
7,0,26,20.0,-6.0,0.7692307692307693,2.666666666666668,"I will use a simple conservative bid below my value, without working through detailed win/lose contingencies. I compare a few round bids near my value: 18, 20, and 22. Since other bidders may shade or bid close to value in a first-price auction, 20 feels like a balanced choice: high enough to compete, but still leaving some margin.",c0_f2_b2,cot_basis,0.0,2.0,2.0
7,1,35,28.0,-7.0,0.8,4.666666666666668,"I won’t do exact payoff contingency math. I compare a few simple bids around my value: a conservative bid like 24, a stronger bid like 28, and a more aggressive bid like 31. Other bidders may shade or bid near value in a first-price auction, so a bid too low may lose, while a bid too high leaves less room. A middle-high bid seems best for my value of 35 and my cautious style.",c0_f2_b2,cot_basis,0.0,2.0,2.0
7,2,12,8.0,-4.0,0.6666666666666666,0.0,"I will keep the bid simple and conservative because I should not overthink the payoff details. My value is 12, so I compare a low cautious bid, a middle bid, and a near-value bid. Other bidders may shade or bid close to value in a first-price auction, so a bid that is too low may miss the item, while a near-value bid may be too aggressive. A moderate bid around two-thirds of value seems like a balanced choice for this round.",c0_f2_b2,cot_basis,0.0,2.0,2.0
8,0,46,34.0,-12.0,0.7391304347826086,3.3333333333333357,"I will use a simple conservative anchor below my value rather than trying to optimize perfectly. I compare a higher bid near value, a moderate bid, and a lower safe bid. A higher bid should raise my chance against bidders who may bid truthfully or slightly shade, while a lower bid keeps more surplus if I win but may lose more often. Because this is a first-price auction, I lean to a moderate-high bid that still leaves some margin under my value.",c0_f2_b2,cot_basis,0.0,2.0,2.0
8,1,6,3.0,-3.0,0.5,-1.0,"I will keep the bid simple and conservative because my value is low. I compare a low bid around 2, a moderate bid around 3, and a higher bid around 4. Other bidders may bid more aggressively in a first-price auction, so a tiny bid may miss the prize, but a high bid would leave little gain. A middle-low bid seems like the safest balance for my limited reasoning style.",c0_f2_b2,cot_basis,0.0,2.0,2.0
8,2,15,10.0,-5.0,0.6666666666666666,0.0,"I will keep to a simple bounded strategy: compare a few round bids below my value and think about how the other two bidders may shade or bid aggressively in a first-price auction. A very low bid is safer but may lose too often; a moderate bid raises winning chances while still leaving some margin. Since my value is 15, I choose a bid that feels cautious but competitive rather than full value.",c0_f2_b2,cot_basis,0.0,2.0,2.0
9,0,48,44.0,-4.0,0.9166666666666666,12.0,"I compare a few simple bids near my value: 48.0, 44.0, and 40.0. A bid at 48.0 feels too aggressive because others may shade or make mistakes, and I do not want to overcommit. A lower bid like 40.0 is safer but may lose too often. A middle bid around 44.0 seems like a balanced choice: it keeps a strong chance to win while leaving some margin. I expect the others may bid somewhat below value, so I choose the middle option.",c0_f2_b2,cot_basis,0.0,2.0,2.0
9,1,19,15.0,-4.0,0.7894736842105263,2.333333333333334,"I keep it simple and compare a few bids around my value without overthinking contingencies. A bid near 19 feels too aggressive for a first-price auction, while a very low bid may lose to bidders who shade less or bid close to value. Since others may bid somewhat cautiously or truthfully, a moderate shaded bid seems best. I choose a bid that balances winning chance and keeping some surplus, using a conservative anchor below my value.",c0_f2_b2,cot_basis,0.0,2.0,2.0
9,2,39,31.0,-8.0,0.7948717948717948,5.0,"I compare a few simple bids around my value: 26, 31, and 35. A very low bid is safer but may lose to bidders who shade less or overbid. A mid bid around 31 feels like a balanced choice: it is below my value, still competitive, and fits my cautious style without trying to be exact. I expect Andy and Betty may not bid perfectly, so I lean a bit aggressive but not all the way to value.",c0_f2_b2,cot_basis,0.0,2.0,2.0
0,0,48,38.0,-10.0,0.7916666666666666,6.0,"I make one immediate safety check: if I win, I want the bid to leave some margin below my $48 value. I will use a simple value-anchored bid and stop there, without trying to forecast anyone else or simulate later outcomes.",c1_f0_b0,cot_basis,1.0,0.0,0.0
0,1,18,14.4,-3.5999999999999996,0.8,2.4000000000000004,"I make one safety check: if I win, I want the payment to stay below my $18 value. I will use a simple cautious bid a bit under my value and stop there, without thinking about the other bidders or future rounds.",c1_f0_b0,cot_basis,1.0,0.0,0.0
0,2,47,37.0,-10.0,0.7872340425531915,5.666666666666668,"I make one immediate safety check: if I win, I want the bid to stay comfortably below my $47 value. I ignore the other bidders and use a simple value-anchored bid rather than calculating anything further.",c1_f0_b0,cot_basis,1.0,0.0,0.0
1,0,12,9.6,-2.4000000000000004,0.7999999999999999,1.5999999999999996,"I make one immediate safety check: since this is a first-price auction, if I win I pay my own bid, so I want a bid that stays comfortably below my $12 value. I ignore the other bidders and use only my value plus the visible rule. A simple cautious bid feels right.",c1_f0_b0,cot_basis,1.0,0.0,0.0
1,1,28,19.0,-9.0,0.6785714285714286,0.3333333333333357,"I make one immediate safety check: if I win, I want to keep a clear positive margin over my value. I will ignore the other bidders and use a simple value-anchored bid that stays below $28.",c1_f0_b0,cot_basis,1.0,0.0,0.0
1,2,2,1.2,-0.8,0.6,-0.1333333333333333,"I make one immediate safety check: since this is a first-price auction, winning means I pay my own bid, so I want a bid that feels safely below my $2 value. I ignore the other bidders and do not try to forecast the outcome. I choose a simple cautious bid near my value but not too high.",c1_f0_b0,cot_basis,1.0,0.0,0.0
2,0,9,6.5,-2.5,0.7222222222222222,0.5,"I make one immediate safety check: if I win, I want the payment to stay comfortably below my value of 9. Since this is a first-price auction, I should bid below 9 rather than chase the full value. I ignore the other bidders and use a simple cautious bid that feels safe.",c1_f0_b0,cot_basis,1.0,0.0,0.0
2,1,37,29.6,-7.399999999999999,0.8,4.933333333333337,"I make one safety check: if I win, I want to keep some value instead of bidding too close to $37. I ignore the other bidders and use a simple cautious bid below my value.",c1_f0_b0,cot_basis,1.0,0.0,0.0
2,2,30,22.0,-8.0,0.7333333333333333,2.0,"I make one immediate safety check: if I win, I want the bid to stay comfortably below my $30 value. I will use a simple value-anchored bid and not think through other bidders or later effects. A moderate bid feels safe and still leaves some gain if I win.",c1_f0_b0,cot_basis,1.0,0.0,0.0
3,0,2,1.4,-0.6000000000000001,0.7,0.06666666666666665,"I make one immediate safety check: if I win, I want to avoid bidding too close to my $2 value in a first-price auction. I will use a simple cautious bid below my value and stop there, without thinking about the other bidders or future rounds.",c1_f0_b0,cot_basis,1.0,0.0,0.0
3,1,48,38.0,-10.0,0.7916666666666666,6.0,"I make one safety check: if I win, I want to keep some value instead of bidding too close to my $48 value. I ignore the other bidders and use a simple cautious bid below my value.",c1_f0_b0,cot_basis,1.0,0.0,0.0
3,2,25,18.0,-7.0,0.72,1.3333333333333357,"I make one immediate safety check: if I win, I want the payment to stay comfortably below my value of 25. I will use a simple value-anchored bid and not think about the other bidders or later rounds. A cautious first-price bid feels appropriate here.",c1_f0_b0,cot_basis,1.0,0.0,0.0
4,0,24,18.0,-6.0,0.75,2.0,"I make one immediate safety check: if I win, I want the payment to stay comfortably below my value of 24. I will use a simple value-anchored bid and stop there, without trying to forecast other bidders or later outcomes. A cautious bid feels appropriate in this first-price auction.",c1_f0_b0,cot_basis,1.0,0.0,0.0
4,1,12,8.0,-4.0,0.6666666666666666,0.0,"I make one quick safety check: if I win, I want the bid to stay clearly below my $12 value. I ignore the other bidders and use a simple value-anchored bid that feels safe in a first-price auction.",c1_f0_b0,cot_basis,1.0,0.0,0.0
4,2,18,14.0,-4.0,0.7777777777777778,2.0,"I make one immediate safety check: if I bid too close to my $18 value, winning could feel costly in a first-price auction. I will stay below my value with a simple cautious bid and ignore the other bidders.",c1_f0_b0,cot_basis,1.0,0.0,0.0
5,0,34,27.0,-7.0,0.7941176470588235,4.333333333333336,"I make one immediate safety check: if I win, I want the payment to stay comfortably below my value of 34. I will choose a simple bid below my value and stop there, without trying to forecast the others or do any deeper calculation.",c1_f0_b0,cot_basis,1.0,0.0,0.0
5,1,28,19.0,-9.0,0.6785714285714286,0.3333333333333357,"I make one immediate safety check: if I win, I want to keep a clear positive margin over my value. I will ignore the other bidders and use a simple value-anchored bid that stays below $28.",c1_f0_b0,cot_basis,1.0,0.0,0.0
5,2,37,29.5,-7.5,0.7972972972972973,4.833333333333336,"I make one quick safety check: if I win, I want the payment to stay comfortably below my value of 37. I will use a simple value-anchored bid and stop there, without trying to forecast the other bidders or work through later outcomes.",c1_f0_b0,cot_basis,1.0,0.0,0.0
6,0,23,18.0,-5.0,0.782608695652174,2.666666666666668,"I make one immediate safety check: if I win, I want the bid to stay comfortably below my value of 23. I will use a simple value-anchored bid and stop there, without trying to forecast anyone else or simulate later outcomes.",c1_f0_b0,cot_basis,1.0,0.0,0.0
6,1,1,0.2,-0.8,0.2,-0.4666666666666666,"I make one immediate safety check: with a value of $1 in a first-price auction, bidding too high could leave me with little or no gain if I win. I will stay low and use only my own value, without thinking about the other bidders or later rounds.",c1_f0_b0,cot_basis,1.0,0.0,0.0
6,2,42,33.6,-8.399999999999999,0.8,5.600000000000001,"I make one quick safety check: if I win, I want to keep some value instead of bidding too close to $42. I will use a simple cautious bid below my value and stop there, without thinking about the other bidders or later outcomes.",c1_f0_b0,cot_basis,1.0,0.0,0.0
7,0,26,20.0,-6.0,0.7692307692307693,2.666666666666668,"I make one quick safety check: if I win, I want my payment to stay below my value. Since this is a first-price auction, I will bid below $26 and keep it simple, using my own value only.",c1_f0_b0,cot_basis,1.0,0.0,0.0
7,1,35,26.0,-9.0,0.7428571428571429,2.666666666666668,"I make one immediate safety check: if I bid too close to my value, winning could feel costly in a first-price auction. I will stay below my $35 value with a simple, value-anchored bid and stop there. I ignore the other bidders and do not plan ahead.",c1_f0_b0,cot_basis,1.0,0.0,0.0
7,2,12,9.6,-2.4000000000000004,0.7999999999999999,1.5999999999999996,"I make one quick safety check: if I win, I want to keep some value rather than bid too close to $12. I ignore the other bidders and use only my own value plus the first-price rule. A simple cautious bid feels safest, so I stay below my value by a small amount.",c1_f0_b0,cot_basis,1.0,0.0,0.0
8,0,46,36.0,-10.0,0.782608695652174,5.333333333333336,"I make one immediate safety check: if I win, I want to keep some value rather than bid too aggressively. Since I only use my own value and the first-price rule, I choose a cautious bid below 46 without trying to forecast anyone else.",c1_f0_b0,cot_basis,1.0,0.0,0.0
8,1,6,4.5,-1.5,0.75,0.5,"I make one quick safety check: if I win, I want the bid to stay clearly below my value of 6. I will use a simple cautious bid and stop there, without trying to forecast the other bidders or compute anything more.",c1_f0_b0,cot_basis,1.0,0.0,0.0
8,2,15,11.0,-4.0,0.7333333333333333,1.0,"I make one immediate safety check: if I win, I want the payment to feel comfortably below my value of 15. I will use a simple value-anchored bid and stop there, without trying to forecast the other bidders or later outcomes.",c1_f0_b0,cot_basis,1.0,0.0,0.0
9,0,48,38.0,-10.0,0.7916666666666666,6.0,"I make one immediate safety check: if I win, I want the bid to leave some margin below my $48 value. I will use a simple value-anchored bid and stop there, without trying to forecast anyone else or simulate later outcomes.",c1_f0_b0,cot_basis,1.0,0.0,0.0
9,1,19,15.0,-4.0,0.7894736842105263,2.333333333333334,"I make one immediate safety check: if I win, I want the bid to stay comfortably below my value of 19. I will use a simple value-anchored bid and stop there, without thinking through other bidders or later outcomes.",c1_f0_b0,cot_basis,1.0,0.0,0.0
9,2,39,31.0,-8.0,0.7948717948717948,5.0,"I make one immediate safety check: if I win, I want the bid to leave some value for me rather than feel too costly. I ignore the other bidders and use only my own value of 39. A simple cautious bid below my value feels right, so I choose a moderate amount rather than pushing high.",c1_f0_b0,cot_basis,1.0,0.0,0.0
0,0,48,36.0,-12.0,0.75,4.0,"I make one quick safety check: if I bid too high, I could win but give up too much of my value. My value is very high, so I can bid aggressively without overthinking the others. Since the other bidders could be low, medium, or high, I stay competitive and choose a strong bid that still leaves some cushion.",c1_f0_b1,cot_basis,1.0,0.0,1.0
0,1,18,13.5,-4.5,0.75,1.5,"I make one quick safety check: if I bid too high, I could win but keep too little of my $18 value. Others might bid low, medium, or high, so I stay moderately cautious and choose a simple bid below my value without overthinking the round.",c1_f0_b1,cot_basis,1.0,0.0,1.0
0,2,47,37.0,-10.0,0.7872340425531915,5.666666666666668,"I make one quick safety check: if I bid too high, my profit shrinks a lot in this first-price auction. My value is very high, so I can bid competitively without feeling exposed. Others could bid low, medium, or high, so I stay fairly strong but still below my value.",c1_f0_b1,cot_basis,1.0,0.0,1.0
1,0,12,8.0,-4.0,0.6666666666666666,0.0,"I make one quick safety check: if I bid too high, I could win but earn very little. My value is 12, so I stay clearly below it and choose a simple cautious bid. Others could bid low, medium, or high, so I do not try to predict them closely.",c1_f0_b1,cot_basis,1.0,0.0,1.0
1,1,28,22.0,-6.0,0.7857142857142857,3.3333333333333357,"I make one quick safety check: if I bid too high, I could win but feel the payment is costly. My value is 28, so I stay below it with a simple cautious bid. Others could be low, medium, or high, but I won’t overthink that and will just choose a moderate bid.",c1_f0_b1,cot_basis,1.0,0.0,1.0
1,2,2,1.2,-0.8,0.6,-0.1333333333333333,"I make one quick safety check: if I bid too high, I could win and pay close to my value, which feels risky in a first-price auction. My value is very low at $2, and the other bidders could be low, medium, or high, so I keep the bid simple and cautious rather than trying to outthink them.",c1_f0_b1,cot_basis,1.0,0.0,1.0
2,0,9,6.0,-3.0,0.6666666666666666,0.0,"I make one quick safety check: in a first-price auction, bidding too close to my value could leave little gain if I win. My value is only 9, so I stay cautious and use a simple, moderate bid. Others could be low, medium, or high, but I won’t overthink it.",c1_f0_b1,cot_basis,1.0,0.0,1.0
2,1,37,29.0,-8.0,0.7837837837837838,4.333333333333336,"I make one quick safety check: if I bid too high, I could win but feel I paid too much. My value is 37, so I want a simple cautious bid below that. Others could bid low, medium, or high, so I stay competitive without pushing too close to my value.",c1_f0_b1,cot_basis,1.0,0.0,1.0
2,2,30,24.0,-6.0,0.8,4.0,"I make one quick safety check: if I win, I want the price to feel comfortably below my $30 value. Others could be low, medium, or high, so I stay moderately cautious without overthinking it. I’ll choose a simple bid that is competitive but leaves some margin.",c1_f0_b1,cot_basis,1.0,0.0,1.0
3,0,2,1.2,-0.8,0.6,-0.1333333333333333,"I make one quick safety check: with value $2 in a first-price auction, bidding too high could leave little or no gain if I win. Others could bid low, medium, or high, so I keep it simple and slightly cautious rather than aggressive. I will bid below my value and stop there.",c1_f0_b1,cot_basis,1.0,0.0,1.0
3,1,48,36.0,-12.0,0.75,4.0,"I make one quick safety check: if I win, I want the payment to leave some gain, not feel too close to my value. Since my value is high at 48 and the others could bid low, medium, or high, I’ll stay competitive but a bit cautious rather than push all the way up.",c1_f0_b1,cot_basis,1.0,0.0,1.0
3,2,25,18.5,-6.5,0.74,1.8333333333333357,"I make one quick safety check: if I bid too high, I could win but give away too much of my $25 value. Others may bid low, medium, or high, so I keep a simple cautious bid that still feels competitive without overthinking the round.",c1_f0_b1,cot_basis,1.0,0.0,1.0
4,0,24,18.0,-6.0,0.75,2.0,"I make one quick safety check: if I win, I do not want to pay too much relative to my $24 value. Since this is a first-price auction, I should bid below my value. Others could bid low, medium, or high, so I stay moderately cautious without trying to predict them exactly.",c1_f0_b1,cot_basis,1.0,0.0,1.0
4,1,12,8.0,-4.0,0.6666666666666666,0.0,"I make one quick safety check: if I bid too high and win, my profit could feel too thin. My value is 12, so I should stay clearly below it. Others could bid low, medium, or high, so I choose a simple cautious bid rather than trying to predict them.",c1_f0_b1,cot_basis,1.0,0.0,1.0
4,2,18,12.0,-6.0,0.6666666666666666,0.0,"I make one quick safety check: if I bid too high, I could win but feel the payment is too costly. My value is 18, so I stay clearly below it rather than trying to model the other bidders in detail. Others could bid low, medium, or high, so I choose a simple cautious bid that still has a chance.",c1_f0_b1,cot_basis,1.0,0.0,1.0
5,0,34,26.8,-7.199999999999999,0.788235294117647,4.133333333333336,"I make one quick safety check: if I win, I want some profit left, so I should stay below my value rather than push too hard. Others could bid low, medium, or high, so I’ll choose a simple cautious bid that still feels competitive.",c1_f0_b1,cot_basis,1.0,0.0,1.0
5,1,28,22.0,-6.0,0.7857142857142857,3.3333333333333357,"I make one quick safety check: if I bid too high, I could win but feel the payment is costly. My value is 28, so I stay below it with a simple cautious bid. Others could be low, medium, or high, but I won’t overthink that and will just choose a moderate bid.",c1_f0_b1,cot_basis,1.0,0.0,1.0
5,2,37,28.5,-8.5,0.7702702702702703,3.8333333333333357,"I make one immediate safety check: if I bid too close to my value, winning could feel costly in a first-price auction. Others might bid low, medium, or high, so I stay somewhat competitive but leave a cushion. I will use a simple cautious bid rather than calculate the exact best response.",c1_f0_b1,cot_basis,1.0,0.0,1.0
6,0,23,17.5,-5.5,0.7608695652173914,2.166666666666668,"I make one quick safety check: if I win, I want the bid to leave some value for me. Since others could bid low, medium, or high, I should be competitive but not too aggressive. I will choose a simple moderate bid below my value and stop there.",c1_f0_b1,cot_basis,1.0,0.0,1.0
6,1,1,0.4,-0.6,0.4,-0.2666666666666666,"I make one quick safety check: with a value of $1 in a first-price auction, bidding too high could leave me with little or no gain if I win. Others could bid low or medium, so I stay cautious and keep the bid well below my value without trying to forecast the others exactly.",c1_f0_b1,cot_basis,1.0,0.0,1.0
6,2,42,34.0,-8.0,0.8095238095238095,6.0,"I make one quick safety check: if I bid too high, I could win but give up too much of my value. My value is high at 42, so I can bid fairly strong without overthinking the other bidders. Others could be low, medium, or high, so I stay competitive but keep a little cushion.",c1_f0_b1,cot_basis,1.0,0.0,1.0
7,0,26,20.8,-5.199999999999999,0.8,3.4666666666666686,"I make one quick safety check: in a first-price auction, if I win I pay my own bid, so I want a bid that feels comfortably below my $26 value. Others could bid low, medium, or high, but I won’t overthink them. I’ll choose a simple, moderately cautious bid that still gives me a chance to win without feeling too costly.",c1_f0_b1,cot_basis,1.0,0.0,1.0
7,1,35,27.0,-8.0,0.7714285714285715,3.666666666666668,"I make one quick safety check: if I bid too high, I could win but give up too much of my $35 value. Others might bid low, medium, or high, so I stay moderately competitive without pushing close to my full value. I stop after this simple cautious rule.",c1_f0_b1,cot_basis,1.0,0.0,1.0
7,2,12,8.4,-3.5999999999999996,0.7000000000000001,0.40000000000000036,"I make one quick safety check: if I bid too close to my value, winning could feel costly in a first-price auction. Others might bid low, medium, or high, so I stay cautious but still competitive. I will choose a simple bid below $12 rather than try to predict them exactly.",c1_f0_b1,cot_basis,1.0,0.0,1.0
8,0,46,36.5,-9.5,0.7934782608695652,5.833333333333336,"I make one quick safety check: if I bid too high, I could win but feel I paid too much, so I stay below my value. Others could bid low, medium, or high, so I choose a simple competitive bid that is still cautious.",c1_f0_b1,cot_basis,1.0,0.0,1.0
8,1,6,4.0,-2.0,0.6666666666666666,0.0,"I make one quick safety check: if I win, I do not want the payment to eat up too much of my $6 value. Others could bid low, medium, or high, so I stay cautious and choose a simple bid below my value without trying to optimize further.",c1_f0_b1,cot_basis,1.0,0.0,1.0
8,2,15,11.0,-4.0,0.7333333333333333,1.0,"I make one quick safety check: if I bid too high, I could win but feel the payment is too costly. My value is $15, so I stay clearly below it rather than trying to predict everyone else exactly. Others could bid low, medium, or high, so I choose a simple cautious bid with some chance to compete.",c1_f0_b1,cot_basis,1.0,0.0,1.0
9,0,48,36.0,-12.0,0.75,4.0,"I make one quick safety check: if I bid too high, I could win but give up too much of my value. My value is very high, so I can bid aggressively without overthinking the others. Since the other bidders could be low, medium, or high, I stay competitive and choose a strong bid that still leaves some cushion.",c1_f0_b1,cot_basis,1.0,0.0,1.0
9,1,19,14.0,-5.0,0.7368421052631579,1.333333333333334,"I make one quick safety check: if I bid too high, I could win but keep too little from my $19 value. Others might bid low, medium, or high, so I stay somewhat cautious rather than aggressive. I will use a simple moderate bid below my value and stop there.",c1_f0_b1,cot_basis,1.0,0.0,1.0
9,2,39,31.0,-8.0,0.7948717948717948,5.0,"I make one quick safety check: if I bid too high, I could win but feel I paid too much. My value is 39, so I stay below it with a simple cautious bid. Others might bid low, medium, or high, so I choose a competitive but safe number without working through the auction further.",c1_f0_b1,cot_basis,1.0,0.0,1.0
0,0,48,39.2,-8.799999999999997,0.8166666666666668,7.200000000000003,"I make one quick safety check: if I win, I want the payment to stay comfortably below my $48 value. Since the others may shade their bids in a first-price auction, I should bid strongly but not all the way up to my value. I’ll choose a high, simple bid that feels competitive without overthinking later outcomes.",c1_f0_b2,cot_basis,1.0,0.0,2.0
0,1,18,13.5,-4.5,0.75,1.5,"I make one immediate safety check: in a first-price auction, if I win I pay my own bid, so I want a bid that feels safely below my value of 18. Other bidders may shade or bid a bit aggressively, so I should stay competitive without pushing too close to 18. I will choose a simple cautious bid rather than calculate many possibilities.",c1_f0_b2,cot_basis,1.0,0.0,2.0
0,2,47,37.0,-10.0,0.7872340425531915,5.666666666666668,"I make one quick safety check: in a first-price auction, if I win, my bid comes straight off my value, so I should stay below 47. Other bidders may shade or bid a bit aggressively, so I want a strong but still cautious bid that feels competitive without pushing too close to my value. I will use a simple value-anchored bid and stop there.",c1_f0_b2,cot_basis,1.0,0.0,2.0
1,0,12,8.4,-3.5999999999999996,0.7000000000000001,0.40000000000000036,"I make one quick safety check: if I win, I want the payment to stay comfortably below my $12 value. Since other bidders may shade or bid aggressively in a first-price auction, I will choose a cautious bid that feels safe without trying to forecast every response.",c1_f0_b2,cot_basis,1.0,0.0,2.0
1,1,28,19.6,-8.399999999999999,0.7000000000000001,0.9333333333333371,"I make one quick safety check: if I win, I want the payment to stay comfortably below my $28 value. Since the other bidders may shade or bid a bit aggressively in a first-price auction, I will choose a cautious bid that still looks competitive without trying to optimize every case.",c1_f0_b2,cot_basis,1.0,0.0,2.0
1,2,2,1.2,-0.8,0.6,-0.1333333333333333,"I make one quick safety check: with value $2 in a first-price auction, bidding too high could leave little or no gain if I win. Other bidders may shade or bid cautiously too, so I stay conservative and keep my bid below my value without overthinking the exact best response.",c1_f0_b2,cot_basis,1.0,0.0,2.0
2,0,9,6.0,-3.0,0.6666666666666666,0.0,"I make one quick safety check: if I win, I do not want the payment to eat up too much of my $9 value. Other bidders may shade or bid a bit aggressively in a first-price auction, so I stay cautious and bid below my value without overthinking it.",c1_f0_b2,cot_basis,1.0,0.0,2.0
2,1,37,29.5,-7.5,0.7972972972972973,4.833333333333336,"I make one quick safety check: in a first-price auction, if I win I pay my own bid, so I should stay below my value. Other bidders may shade or bid near value, so I want a bid that feels competitive but still cautious. I will use a simple value-anchored bid rather than calculate every possibility.",c1_f0_b2,cot_basis,1.0,0.0,2.0
2,2,30,22.0,-8.0,0.7333333333333333,2.0,"I make one immediate safety check: if I win, I want the price to feel comfortably below my $30 value. Since this is a first-price auction, I should shade my bid below value. Other bidders may also shade or overbid a bit, so I keep a moderate bid that is still competitive without pushing too close to my value.",c1_f0_b2,cot_basis,1.0,0.0,2.0
3,0,2,1.2,-0.8,0.6,-0.1333333333333333,"I make one safety check: if I win, paying too much would hurt because my value is only $2. I will keep the bid low and simple rather than try to outthink the other bidders. Since they may shade or overbid a little, I choose a cautious bid that still gives me a chance without risking much.",c1_f0_b2,cot_basis,1.0,0.0,2.0
3,1,48,38.0,-10.0,0.7916666666666666,6.0,"I make one immediate safety check: if I win, I want the payment to stay comfortably below my value of 48. Since this is a first-price auction, I should shade my bid rather than go all the way to value. Other bidders may also shade or make small mistakes, so I choose a strong but still cautious bid.",c1_f0_b2,cot_basis,1.0,0.0,2.0
3,2,25,18.0,-7.0,0.72,1.3333333333333357,"I make one immediate safety check: if I bid too high in this first-price auction, winning could feel costly. Other bidders may shade or bid near value, so I should stay competitive but not aggressive. With value 25, I choose a cautious bid below value and stop there.",c1_f0_b2,cot_basis,1.0,0.0,2.0
4,0,24,18.0,-6.0,0.75,2.0,"I make one quick safety check: in a first-price auction, if I win I pay my own bid, so I should stay below my value. Other bidders may shade or overbid, but I will not simulate many cases. I choose a cautious bid that feels competitive without risking too much of my $24 value.",c1_f0_b2,cot_basis,1.0,0.0,2.0
4,1,12,9.0,-3.0,0.75,1.0,"I make one immediate safety check: in a first-price auction, if I win, my bid comes straight out of my value, so I should stay cautious. Other bidders may shade or bid a bit aggressively, but I will not simulate many cases. With a value of 12, I choose a simple conservative bid that feels safe and still competitive.",c1_f0_b2,cot_basis,1.0,0.0,2.0
4,2,18,12.0,-6.0,0.6666666666666666,0.0,"I make one immediate safety check: since this is first-price, if I win I pay my own bid, so I should keep the bid safely below my $18 value. I also think other bidders may shade or bid near value, so I avoid bidding too aggressively. I stop after this simple cautious rule and choose a moderate bid.",c1_f0_b2,cot_basis,1.0,0.0,2.0
5,0,34,27.0,-7.0,0.7941176470588235,4.333333333333336,"I make one quick safety check: since this is a first-price auction, if I win I pay my own bid, so I should stay below my $34 value. Other bidders may shade or overbid a bit, so I choose a cautious bid that still feels competitive without pushing too close to my value.",c1_f0_b2,cot_basis,1.0,0.0,2.0
5,1,28,19.6,-8.399999999999999,0.7000000000000001,0.9333333333333371,"I make one quick safety check: if I win, I want the payment to stay comfortably below my $28 value. Since the other bidders may shade or bid a bit aggressively in a first-price auction, I will choose a cautious bid that still looks competitive without trying to optimize every case.",c1_f0_b2,cot_basis,1.0,0.0,2.0
5,2,37,29.4,-7.600000000000001,0.7945945945945946,4.733333333333334,"I make one quick safety check: if I win, I want a bid that still leaves some profit, since this is a first-price auction and I pay my own bid. Other bidders may shade or bid near value, so I choose a moderate bid below my value without overthinking the exact best response.",c1_f0_b2,cot_basis,1.0,0.0,2.0
6,0,23,17.5,-5.5,0.7608695652173914,2.166666666666668,"I make one safety check: if I win, I should not bid so high that the payment feels too close to my $23 value. Since other bidders may shade or overbid a little in a first-price auction, I want a cautious bid that still looks competitive without trying to optimize deeply. I will pick a simple value-anchored bid below my value and stop there.",c1_f0_b2,cot_basis,1.0,0.0,2.0
6,1,1,0.2,-0.8,0.2,-0.4666666666666666,"I make one quick safety check: if I win, I do not want the payment to eat up my tiny value. Since this is a first-price auction and others may bid aggressively or make mistakes, I stay very cautious and choose a low bid that still shows I am in the game. I stop after this simple rule.",c1_f0_b2,cot_basis,1.0,0.0,2.0
6,2,42,31.5,-10.5,0.75,3.5,"I make one immediate safety check: if I bid too high in this first-price auction, I pay that amount myself. Other bidders may shade or overbid, but I will keep my bid safely below my $42 value and choose a simple cautious bid without further planning.",c1_f0_b2,cot_basis,1.0,0.0,2.0
7,0,26,19.5,-6.5,0.75,2.166666666666668,"I make one immediate safety check: if I bid too high, I may win but feel the payment is costly. Since this is a first-price auction, I should shade below my value rather than chase every possibility. Other bidders may bid somewhat aggressively, so I keep my bid moderately strong but still below 26.",c1_f0_b2,cot_basis,1.0,0.0,2.0
7,1,35,27.5,-7.5,0.7857142857142857,4.166666666666668,"I make one quick safety check: in a first-price auction, if I win I pay my own bid, so I should stay comfortably below my $35 value. Other bidders may shade or bid aggressively, but I will not simulate many cases; I’ll choose a simple cautious bid that feels competitive without risking too much.",c1_f0_b2,cot_basis,1.0,0.0,2.0
7,2,12,9.0,-3.0,0.75,1.0,"I make one immediate safety check: in a first-price auction, if I win I pay my own bid, so I want a bid that feels safely below my value of 12. Other bidders may shade or bid aggressively, but I will keep my choice simple and cautious rather than overthinking the whole field.",c1_f0_b2,cot_basis,1.0,0.0,2.0
8,0,46,37.9,-8.100000000000001,0.8239130434782609,7.233333333333334,"I make one quick safety check: in a first-price auction, if I win I pay my own bid, so I should stay below my value. Other bidders may shade or bid aggressively, so I want a strong but still cautious bid rather than overthinking it. I will choose a bid that feels safely competitive while leaving some margin under my $46 value.",c1_f0_b2,cot_basis,1.0,0.0,2.0
8,1,6,4.0,-2.0,0.6666666666666666,0.0,"I make one quick safety check: because this is first-price, if I win I pay my own bid, so I want to stay clearly below my $6 value. Other bidders may shade or bid near value, but I do not need to simulate that in detail. I choose a simple cautious bid that keeps some margin while still being competitive.",c1_f0_b2,cot_basis,1.0,0.0,2.0
8,2,15,10.0,-5.0,0.6666666666666666,0.0,"I make one immediate safety check: if I win, I want the bid to leave some profit, so I should stay clearly below my $15 value. Other bidders may shade or bid a bit aggressively in a first-price auction, so I will choose a moderate bid rather than a very low one. I stop here and use a simple cautious bid.",c1_f0_b2,cot_basis,1.0,0.0,2.0
9,0,48,39.2,-8.799999999999997,0.8166666666666668,7.200000000000003,"I make one quick safety check: if I win, I want the payment to stay comfortably below my $48 value. Since the others may shade their bids in a first-price auction, I should bid strongly but not all the way up to my value. I’ll choose a high, simple bid that feels competitive without overthinking later outcomes.",c1_f0_b2,cot_basis,1.0,0.0,2.0
9,1,19,12.5,-6.5,0.6578947368421053,-0.16666666666666607,"I make one quick safety check: in a first-price auction, bidding too high can erase my gain if I win. Other bidders may shade or bid a bit aggressively, so I want a cautious bid that still has a chance to compete without pushing close to my $19 value. I stop after that simple balance and choose a moderate, safe bid.",c1_f0_b2,cot_basis,1.0,0.0,2.0
9,2,39,31.0,-8.0,0.7948717948717948,5.0,"I make one immediate safety check: if I bid too high in this first-price auction, I could win but give up too much of my value. Other bidders may shade or bid aggressively, so I should stay competitive without going all the way to my value. I will use a cautious bid that feels safe and still has a chance to win.",c1_f0_b2,cot_basis,1.0,0.0,2.0
0,0,48,44.0,-4.0,0.9166666666666666,12.0,"I make one immediate safety check: if I win, my payoff is value minus my bid, so I want a bid that still leaves a clear positive gain. I ignore the other bidders and use only my own value. Since my value is 48, I will bid somewhat below it to stay safe while still being competitive.",c1_f1_b0,cot_basis,1.0,1.0,0.0
0,1,18,14.0,-4.0,0.7777777777777778,2.0,"I make one immediate safety check: if I win, I want the payment to stay below my value of 18 so I do not create an obvious loss. I look one step ahead only, so I choose a cautious bid a bit under my value rather than trying to optimize against anyone else. I ignore the other bidders and use only my own value and the first-price rule.",c1_f1_b0,cot_basis,1.0,1.0,0.0
0,2,47,37.0,-10.0,0.7872340425531915,5.666666666666668,"I make one immediate safety check: if I win, my payoff is value minus my bid, so I should avoid bidding so high that winning feels costly. With value 47, I stay clearly below it and use a simple value-anchored bid rather than searching over many possibilities. I ignore the other bidders and focus only on my own value and the first-price rule.",c1_f1_b0,cot_basis,1.0,1.0,0.0
1,0,12,8.0,-4.0,0.6666666666666666,0.0,"I make one immediate safety check: if I win, my payoff is value minus my bid, so I should avoid bidding too close to 12. I will stay below my value and choose a cautious bid that still gives a chance to win without creating an obvious loss. I ignore what the other bidders might do and use only my own value and the first-price rule.",c1_f1_b0,cot_basis,1.0,1.0,0.0
1,1,28,22.4,-5.600000000000001,0.7999999999999999,3.7333333333333343,"I make one safety check: if I win, my payoff is value minus my bid, so I should avoid a bid that feels too close to my value. I only look one step ahead and keep the bid comfortably below 28 rather than trying to optimize against anyone else. I ignore the other bidders and use my own value plus the first-price rule.",c1_f1_b0,cot_basis,1.0,1.0,0.0
1,2,2,1.5,-0.5,0.75,0.16666666666666674,"I make one immediate safety check: if I win, my payoff is value minus my bid, so I should avoid bidding at or above my $2 value. I only look one step ahead and choose a small, value-anchored bid that keeps winning from feeling costly. I ignore what the other bidders might do and stay within the allowed 0.1 grid.",c1_f1_b0,cot_basis,1.0,1.0,0.0
2,0,9,6.0,-3.0,0.6666666666666666,0.0,"I make one immediate check: if I win, my payoff is value minus my bid, so I should avoid bidding so high that winning feels costly. I ignore the other bidders and only use my own value and the first-price rule. With value 9, I choose a conservative bid below 9 that still gives me a chance to win without risking a loss from overbidding.",c1_f1_b0,cot_basis,1.0,1.0,0.0
2,1,37,33.0,-4.0,0.8918918918918919,8.333333333333336,"I make one immediate safety check: if I win, I want the payment to stay below my value of 37. I will bid a bit under my value so winning still leaves me positive, and I will not try to model the other bidders. One-step plan: choose a cautious bid that is close to my value but not equal to it.",c1_f1_b0,cot_basis,1.0,1.0,0.0
2,2,30,22.0,-8.0,0.7333333333333333,2.0,"I make one immediate safety check: if I win, my payoff is value minus my bid, so I want the bid to stay clearly below my $30 value. I will not try to predict the other bidders or search over many bids. I choose a cautious bid that still keeps a positive margin if I win.",c1_f1_b0,cot_basis,1.0,1.0,0.0
3,0,2,1.2,-0.8,0.6,-0.1333333333333333,"I make one immediate safety check: if I win, my payoff is value minus my bid, so a bid too close to $2 could leave me with little or no gain. I ignore what the other bidders may do and use only my own value. One step ahead, a small cautious bid keeps winning from feeling costly while still giving me a chance if I happen to be highest.",c1_f1_b0,cot_basis,1.0,1.0,0.0
3,1,48,43.0,-5.0,0.8958333333333334,11.0,"I make one local check: if I win at my own bid, I want the payoff to stay clearly positive. Since this is a first-price auction, I should bid below my value and stop there. I ignore what the other bidders might do and use only my value and the rule. A cautious bid near my value but with some margin feels right.",c1_f1_b0,cot_basis,1.0,1.0,0.0
3,2,25,18.0,-7.0,0.72,1.3333333333333357,"I make one immediate safety check: if I win, my payoff is value minus my bid, so I want the bid to stay clearly below my $25 value. I do not think about the other bidders’ likely bids. One step ahead, a moderate bid should keep winning from being obviously costly while still using my value.",c1_f1_b0,cot_basis,1.0,1.0,0.0
4,0,24,18.0,-6.0,0.75,2.0,"I make one immediate safety check: if I win, my payoff is value minus my bid, so I should avoid bidding so high that winning feels costly. With my value at 24, I stay clearly below it and use a simple cautious bid rather than searching over many options. I ignore the other bidders and only anchor on my own value and the first-price rule.",c1_f1_b0,cot_basis,1.0,1.0,0.0
4,1,12,9.6,-2.4000000000000004,0.7999999999999999,1.5999999999999996,"I make one immediate safety check: if I win, my payoff is value minus my bid, so I should avoid a bid that feels too close to my $12 value. I will stay somewhat below my value and not try to optimize against the other bidders, since I ignore their behavior and only use my own value plus the first-price rule.",c1_f1_b0,cot_basis,1.0,1.0,0.0
4,2,18,13.5,-4.5,0.75,1.5,"I make one immediate safety check: if I win, my payoff is value minus my bid, so I should avoid bidding too close to $18. I ignore the other bidders and use only my own value and the first-price rule. One step ahead, a moderate bid can still leave a positive gain if I win, while staying cautious about overpaying.",c1_f1_b0,cot_basis,1.0,1.0,0.0
5,0,34,27.0,-7.0,0.7941176470588235,4.333333333333336,"I make one immediate check: if I win, my payoff is value minus my bid, so I should avoid a bid that feels too close to my $34 value. I look only one step ahead and choose a cautious bid below value that still keeps a positive margin. I ignore the other bidders and use only my own value and the first-price rule.",c1_f1_b0,cot_basis,1.0,1.0,0.0
5,1,28,22.4,-5.600000000000001,0.7999999999999999,3.7333333333333343,"I make one safety check: if I win, my payoff is value minus my bid, so I should avoid a bid that feels too close to my value. I only look one step ahead and keep the bid comfortably below 28 rather than trying to optimize against anyone else. I ignore the other bidders and use my own value plus the first-price rule.",c1_f1_b0,cot_basis,1.0,1.0,0.0
5,2,37,28.0,-9.0,0.7567567567567568,3.3333333333333357,"I make one local safety check: if I win, my payoff is value minus my bid, so I should avoid a bid that feels too close to my value. I look only one step ahead and choose a cautious bid below $37 that still has a reasonable chance to win. I ignore the other bidders and use only my own value and the first-price rule.",c1_f1_b0,cot_basis,1.0,1.0,0.0
6,0,23,18.0,-5.0,0.782608695652174,2.666666666666668,"I make one immediate safety check: if I win, my payoff is value minus my bid, so I should keep the bid below my $23 value to avoid an obvious loss. I ignore the other bidders and use only my own value and the first-price rule. A cautious one-step choice is to bid a bit under my value rather than push too high.",c1_f1_b0,cot_basis,1.0,1.0,0.0
6,1,1,0.5,-0.5,0.5,-0.16666666666666663,"I make one immediate safety check: if I win, I want to avoid paying too much relative to my $1 value. Since this is a first-price auction, I should bid below my value so winning does not obviously create a loss. I ignore the other bidders and use a small cautious bid one step below my value.",c1_f1_b0,cot_basis,1.0,1.0,0.0
6,2,42,38.0,-4.0,0.9047619047619048,10.0,"I make one immediate safety check: if I win, my payoff is value minus my bid, so I should avoid bidding too close to my value. I will stay a bit below $42 to keep a positive margin, and I will not reason about the other bidders. One-step planning only: a slightly cautious bid can still win while avoiding an obvious loss.",c1_f1_b0,cot_basis,1.0,1.0,0.0
7,0,26,24.0,-2.0,0.9230769230769231,6.666666666666668,"I make one immediate check: if I win, my payoff is value minus my bid, so I should avoid bidding so high that winning feels costly. I ignore the other bidders and use only my value and the first-price rule. With value 26, I will bid below 26 in a cautious, value-anchored way.",c1_f1_b0,cot_basis,1.0,1.0,0.0
7,1,35,28.0,-7.0,0.8,4.666666666666668,"I make one safety check: if I win, my payoff is value minus my bid, so I should avoid a bid that feels too close to my $35 value. I look only one step ahead and choose a cautious bid below value rather than trying to optimize against others. I ignore what the other bidders may do and focus only on my own value and the first-price rule.",c1_f1_b0,cot_basis,1.0,1.0,0.0
7,2,12,9.6,-2.4000000000000004,0.7999999999999999,1.5999999999999996,"I make one immediate check: if I win, my payoff is value minus my bid, so I should avoid a bid that feels too close to my $12 value. I ignore the other bidders and use only my own value plus the first-price rule. One step ahead, a slightly lower bid can still win while leaving some positive gain. I will bid conservatively below my value.",c1_f1_b0,cot_basis,1.0,1.0,0.0
8,0,46,36.8,-9.200000000000003,0.7999999999999999,6.133333333333333,"I make one safety check: if I win, my payoff is value minus my bid, so I want the bid to stay safely below my value. I do not think through the other bidders; I only use my own value and the first-price rule. A moderate bid near my value but not too high feels cautious and still competitive.",c1_f1_b0,cot_basis,1.0,1.0,0.0
8,1,6,4.0,-2.0,0.6666666666666666,0.0,"I make one immediate check: if I win, my bid should not be so high that it eats up most of my $6 value. Since this is a first-price auction, I keep the bid safely below my value and use a simple cautious amount rather than searching over many possibilities. I ignore the other bidders and focus only on my own value and the rule.",c1_f1_b0,cot_basis,1.0,1.0,0.0
8,2,15,11.5,-3.5,0.7666666666666667,1.5,"I make one immediate safety check: if I win, my payoff is value minus my bid, so I should avoid bidding too close to $15. I ignore the other bidders and use only my own value plus the first-price rule. One-step ahead, a moderate bid can still win without making winning feel costly. I will bid below my value with a simple cautious margin.",c1_f1_b0,cot_basis,1.0,1.0,0.0
9,0,48,44.0,-4.0,0.9166666666666666,12.0,"I make one immediate safety check: if I win, my payoff is value minus my bid, so I want a bid that still leaves a clear positive gain. I ignore the other bidders and use only my own value. Since my value is 48, I will bid somewhat below it to stay safe while still being competitive.",c1_f1_b0,cot_basis,1.0,1.0,0.0
9,1,19,15.0,-4.0,0.7894736842105263,2.333333333333334,"I make one immediate safety check: if I win, my payoff is value minus my own bid, so I should avoid bidding so high that winning would feel costly. I ignore the other bidders and use only my value of 19. With one-step planning, I choose a bid a bit below my value to keep a positive margin.",c1_f1_b0,cot_basis,1.0,1.0,0.0
9,2,39,31.0,-8.0,0.7948717948717948,5.0,"I make one immediate safety check: if I win, my payoff is value minus my bid, so I should avoid bidding so high that winning feels costly. I ignore the other bidders and use only my value of 39. With one-step planning, I choose a cautious bid below my value that still keeps a positive margin if I win.",c1_f1_b0,cot_basis,1.0,1.0,0.0
0,0,48,36.0,-12.0,0.75,4.0,"I make one immediate check: if I win, I want the payment to stay clearly below my value of 48. Since this is a first-price auction, bidding too high could cut into earnings, so I stay cautious. Others could bid low, medium, or high, but I will not model them precisely. One step ahead, a bid around the middle should still give me a chance to win without feeling too costly.",c1_f1_b1,cot_basis,1.0,1.0,1.0
0,1,18,13.2,-4.800000000000001,0.7333333333333333,1.1999999999999993,"I make one immediate check: if I win, my bid should leave some gain and not feel too close to my value of 18. Since this is first-price, I should stay below 18 and avoid an aggressive bid. Others could bid low, medium, or high, so I will choose a cautious but competitive bid that still has a chance to win without risking a loss.",c1_f1_b1,cot_basis,1.0,1.0,1.0
0,2,47,35.0,-12.0,0.7446808510638298,3.666666666666668,"I make one immediate check: if I win, I want the payment to stay clearly below my value of 47. Since this is first-price, bidding too high would cut into my gain, so I stay somewhat cautious. Others could bid low, medium, or high, but I will only use that as a rough guide and keep my bid competitive without pushing too close to 47.",c1_f1_b1,cot_basis,1.0,1.0,1.0
1,0,12,8.4,-3.5999999999999996,0.7000000000000001,0.40000000000000036,"I make one immediate check: if I win, my bid should not be so high that it eats up most of my $12 value. Since this is first-price, I should stay safely below my value. Others could bid low, medium, or high, so I keep a moderate bid that is competitive but still leaves some gain if I win.",c1_f1_b1,cot_basis,1.0,1.0,1.0
1,1,28,18.0,-10.0,0.6428571428571429,-0.6666666666666643,"I make one quick check: if I win, my payoff is value minus my bid, so I should avoid a bid that feels too close to 28. Others could be low, medium, or high, so I stay moderately competitive without trying to solve the whole auction. One step ahead, a bid around the middle should give a chance to win while keeping some profit if I do win.",c1_f1_b1,cot_basis,1.0,1.0,1.0
1,2,2,1.2,-0.8,0.6,-0.1333333333333333,"I make one immediate safety check: if I win, my payment should not eat up the small value of $2. Since this is a first-price auction, I should bid below my value so winning does not obviously create a loss. Others could bid low, medium, or high, so I stay cautious and choose a simple low bid that still gives me a chance.",c1_f1_b1,cot_basis,1.0,1.0,1.0
2,0,9,6.0,-3.0,0.6666666666666666,0.0,"I make one immediate safety check: if I win, I want the payment to stay below my $9 value so I do not create an obvious loss. Since this is a first-price auction, I should bid below my value rather than chase it. Others could bid low, medium, or high, so I keep a cautious but still competitive bid. One step ahead, a moderate bid gives me a chance to win without feeling too costly.",c1_f1_b1,cot_basis,1.0,1.0,1.0
2,1,37,29.0,-8.0,0.7837837837837838,4.333333333333336,"I make one immediate check: if I win, I want the payment to stay clearly below my value of 37. Since this is a first-price auction, I should not bid too close to 37 or I could cut my gain too much. Others may bid low, medium, or high, so I stay competitive but cautious with a simple value-anchored bid.",c1_f1_b1,cot_basis,1.0,1.0,1.0
2,2,30,22.0,-8.0,0.7333333333333333,2.0,"I make one immediate check: if I win, my bid should not eat up too much of my $30 value. Since this is a first-price auction, I should stay below my value and keep a simple cautious bid. Others could bid low, medium, or high, so I will choose a moderately competitive bid that still leaves some gain if I win.",c1_f1_b1,cot_basis,1.0,1.0,1.0
3,0,2,1.2,-0.8,0.6,-0.1333333333333333,"I make one simple check: if I win, my value is only $2, so paying too much would hurt. Since this is a first-price auction, I should bid low and keep a small cushion. Others could bid low, medium, or high, but I do not need a full model; I just want a safe bid that could still win without risking a loss.",c1_f1_b1,cot_basis,1.0,1.0,1.0
3,1,48,36.8,-11.200000000000003,0.7666666666666666,4.799999999999997,"I make one immediate check: if I win, I want the payment to stay clearly below my value of 48 so I do not risk an obvious loss. Others could bid low, medium, or high, so I should be somewhat competitive but still cautious. Looking one step ahead, a slightly shaded bid can win while keeping my payoff positive if I win.",c1_f1_b1,cot_basis,1.0,1.0,1.0
3,2,25,19.5,-5.5,0.78,2.8333333333333357,"I make one immediate check: if I win, my payoff is value minus my bid, so I should avoid bidding so high that winning feels costly. With a value of 25, I keep a cautious but competitive bid. Others could be low, medium, or high, so I lean a bit below my value rather than trying to outthink them.",c1_f1_b1,cot_basis,1.0,1.0,1.0
4,0,24,16.0,-8.0,0.6666666666666666,0.0,"I make one immediate check: if I win, my payment should not be so high that the gain from a $24 value feels too thin. Since this is first-price, I should bid below my value to avoid an obvious loss. Others could bid low, medium, or high, so I stay moderately competitive but cautious with a simple one-step bid.",c1_f1_b1,cot_basis,1.0,1.0,1.0
4,1,12,8.0,-4.0,0.6666666666666666,0.0,"I make one immediate check: if I win, my bid should not be so high that it wipes out most of my $12 value. Since this is first-price, I should shade below value rather than bid all the way up. Others could bid low, medium, or high, so I stay moderately competitive but cautious.",c1_f1_b1,cot_basis,1.0,1.0,1.0
4,2,18,14.5,-3.5,0.8055555555555556,2.5,"I make one immediate safety check: if I win, I want the payment to stay below my $18 value so I do not create an obvious loss. With a first-price auction, I should shade below value. Others could bid low, medium, or high, so I stay moderately cautious but still competitive. One step ahead, a bid around the mid-teens could win without feeling too costly.",c1_f1_b1,cot_basis,1.0,1.0,1.0
5,0,34,24.0,-10.0,0.7058823529411765,1.3333333333333357,"I make one immediate check: if I win, paying too much would cut into my gain, so I should stay clearly below my value of 34. With only one round, I just need a simple bid that is competitive but still leaves room for profit. Others could bid low, medium, or high, so I choose a moderately cautious bid rather than pushing too close to 34.",c1_f1_b1,cot_basis,1.0,1.0,1.0
5,1,28,18.0,-10.0,0.6428571428571429,-0.6666666666666643,"I make one quick check: if I win, my payoff is value minus my bid, so I should avoid a bid that feels too close to 28. Others could be low, medium, or high, so I stay moderately competitive without trying to solve the whole auction. One step ahead, a bid around the middle should give a chance to win while keeping some profit if I do win.",c1_f1_b1,cot_basis,1.0,1.0,1.0
5,2,37,31.0,-6.0,0.8378378378378378,6.333333333333336,"I make one immediate check: if I win, I want the payment to stay clearly below my value of 37. Since this is a first-price auction, bidding too high would cut my profit directly. Others could bid low, medium, or high, so I stay reasonably competitive but cautious. One step ahead, a bid around the low 30s could win without obviously creating a loss.",c1_f1_b1,cot_basis,1.0,1.0,1.0
6,0,23,17.5,-5.5,0.7608695652173914,2.166666666666668,"I make one immediate check: if I win, I pay my own bid, so I want a bid that leaves some profit above my value. My value is 23, and others could bid low or medium or high, so I stay cautious but still competitive. I look one step ahead and choose a bid below 23 that should not obviously create a loss if I win.",c1_f1_b1,cot_basis,1.0,1.0,1.0
6,1,1,0.2,-0.8,0.2,-0.4666666666666666,"I make one immediate safety check: if I win, my payment should not be too close to my $1 value. Since this is a first-price auction, bidding too high could create a loss. Others could bid low, medium, or high, so I stay cautious and choose a small bid that still gives me a chance without risking much.",c1_f1_b1,cot_basis,1.0,1.0,1.0
6,2,42,33.6,-8.399999999999999,0.8,5.600000000000001,"I make one immediate check: if I win, my payment should stay clearly below my value of 42 so it does not feel costly. Since this is a first-price auction, I should shade below value rather than bid all the way up. Others could bid low, medium, or high, so I stay competitive but cautious with one simple step ahead of winning.",c1_f1_b1,cot_basis,1.0,1.0,1.0
7,0,26,20.0,-6.0,0.7692307692307693,2.666666666666668,"I make one immediate check: if I win, paying my own bid should still leave me with a positive gain. My value is 26, so I will bid below that and keep a simple safety margin. Others could bid low, medium, or high, so I stay moderately competitive without pushing too close to my value.",c1_f1_b1,cot_basis,1.0,1.0,1.0
7,1,35,27.5,-7.5,0.7857142857142857,4.166666666666668,"I make one immediate check: if I win, my payment should stay clearly below my value of 35. Since this is a first-price auction, I should shade my bid a bit to avoid an obvious loss while still staying competitive. Others could bid low, medium, or high, so I choose a cautious but fairly strong bid near my value.",c1_f1_b1,cot_basis,1.0,1.0,1.0
7,2,12,8.4,-3.5999999999999996,0.7000000000000001,0.40000000000000036,"I make one immediate check: if I win, my bid should still leave some value, so I should stay below $12. Since others could bid low, medium, or high, I will be moderately cautious rather than aggressive. One step ahead, a bid around the middle of my value seems safe and avoids an obvious loss if I win.",c1_f1_b1,cot_basis,1.0,1.0,1.0
8,0,46,34.0,-12.0,0.7391304347826086,3.3333333333333357,"I make one immediate check: if I win, I want the payment to stay clearly below my value of 46 so the win is still worthwhile. Since this is a first-price auction, I should shade my bid down a bit rather than bid my full value. Others could bid low, medium, or high, so I stay competitive but cautious with a simple one-step plan.",c1_f1_b1,cot_basis,1.0,1.0,1.0
8,1,6,4.0,-2.0,0.6666666666666666,0.0,"I make one immediate check: if I win, my payment should not eat up most of my $6 value. Since this is a first-price auction, I should bid below my value to avoid a loss. Others could bid low or medium, so I stay cautious but still competitive with a simple bid near the middle of my value.",c1_f1_b1,cot_basis,1.0,1.0,1.0
8,2,15,10.0,-5.0,0.6666666666666666,0.0,"I make one immediate safety check: if I win, my payment should not come too close to my $15 value. Since others could bid low, medium, or high, I stay moderately competitive but cautious. One step ahead, a bid below value can still win without obviously creating a loss, so I choose a simple safe bid rather than pushing too high.",c1_f1_b1,cot_basis,1.0,1.0,1.0
9,0,48,36.0,-12.0,0.75,4.0,"I make one immediate check: if I win, I want the payment to stay clearly below my value of 48. Since this is a first-price auction, bidding too high could cut into earnings, so I stay cautious. Others could bid low, medium, or high, but I will not model them precisely. One step ahead, a bid around the middle should still give me a chance to win without feeling too costly.",c1_f1_b1,cot_basis,1.0,1.0,1.0
9,1,19,12.0,-7.0,0.631578947368421,-0.6666666666666661,"I make one immediate check: if I win, my bid should still leave some profit, so I should stay below my value of 19. I only look one step ahead: a higher bid increases winning chances but also cuts earnings if I win. Others could bid low, medium, or high, so I choose a cautious middle bid that is competitive without getting too close to 19.",c1_f1_b1,cot_basis,1.0,1.0,1.0
9,2,39,31.0,-8.0,0.7948717948717948,5.0,"I make one immediate check: if I win, I want the payment to stay clearly below my value of 39. Since this is a first-price auction, bidding too high would directly cut my gain. Others could bid low, medium, or high, so I stay competitive but cautious with a simple value-anchored bid rather than trying to solve the whole auction.",c1_f1_b1,cot_basis,1.0,1.0,1.0
0,0,48,38.4,-9.600000000000001,0.7999999999999999,6.399999999999999,"I make one immediate check: if I win, the payment should still leave a clear gain. Since this is first-price, I should shade below my value rather than bid all the way up. I also think the other bidders may shade or make small mistakes, so a strong but not extreme bid seems sensible. One step ahead, a bid near the upper range should help me compete without obviously risking a loss.",c1_f1_b2,cot_basis,1.0,1.0,2.0
0,1,18,12.0,-6.0,0.6666666666666666,0.0,"I make one local check: if I win, my bid should still leave some positive gain, so I should stay below my $18 value. I look one step ahead and avoid a bid that feels too close to my value in a first-price auction. Since Andy and Charles may shade or bid cautiously too, I choose a moderate bid that can compete without risking an obvious loss.",c1_f1_b2,cot_basis,1.0,1.0,2.0
0,2,47,38.4,-8.600000000000001,0.8170212765957446,7.066666666666666,"I make one local check: if I win at my bid, I want the payoff to stay positive, so I should shade below my value. Since this is first-price, winning at my own bid means I pay what I bid, and other bidders may also shade or bid near value. I will choose a strong but cautious bid that keeps room above the payment while staying competitive.",c1_f1_b2,cot_basis,1.0,1.0,2.0
1,0,12,9.6,-2.4000000000000004,0.7999999999999999,1.5999999999999996,"I make one immediate check: if I win, my bid should leave some positive gain, so I should stay below my value of 12. I only look one step ahead, so I focus on the direct outcome of winning at my own bid rather than searching all possibilities. Since other bidders may shade or bid near value in a first-price auction, I choose a cautious bid that is competitive but still leaves room for profit.",c1_f1_b2,cot_basis,1.0,1.0,2.0
1,1,28,22.0,-6.0,0.7857142857142857,3.3333333333333357,"I make one local check: if I win, my payoff is value minus my bid, so I should avoid bidding so high that winning feels costly. I also think other bidders may shade or bid near value, so a moderate bid can still compete without overcommitting. I will stay below my value and use one cautious step ahead of the direct win payoff.",c1_f1_b2,cot_basis,1.0,1.0,2.0
1,2,2,1.0,-1.0,0.5,-0.33333333333333326,"I make one immediate check: if I win, my bid should not eat up the whole $2 value. Since this is first-price, I should stay low and avoid a bid that could leave me with little or no gain. I also expect the other bidders may shade or bid modestly with small values, so I do not need to push hard. I will choose a cautious bid that gives me a chance to win without risking a bad payoff.",c1_f1_b2,cot_basis,1.0,1.0,2.0
2,0,9,6.0,-3.0,0.6666666666666666,0.0,"I make one immediate check: if I win, my bid should not eat up too much of my $9 value. Since this is a first-price auction, I expect others may shade their bids too, so I should bid cautiously but still competitively. I look one step ahead only: a moderate bid can win without making the win obviously costly.",c1_f1_b2,cot_basis,1.0,1.0,2.0
2,1,37,29.5,-7.5,0.7972972972972973,4.833333333333336,"I make one local check: if I win, my payment should still leave a positive gain. Since this is first-price, I should shade below my value rather than bid all the way up. Other bidders may also shade or try to stay near value, so I choose a cautious bid that is still competitive but leaves room for profit if I win.",c1_f1_b2,cot_basis,1.0,1.0,2.0
2,2,30,24.0,-6.0,0.8,4.0,"I make one immediate check: if I win, the bid is the payment, so I should avoid a bid that feels too close to my $30 value. I only look one step ahead: a slightly lower bid could still win and leave some profit, while a very high bid could cut that profit too much. Other bidders may shade or bid near value, so I choose a cautious bid below my value rather than try to optimize every possibility.",c1_f1_b2,cot_basis,1.0,1.0,2.0
3,0,2,1.2,-0.8,0.6,-0.1333333333333333,"I make one immediate check: if I win, paying too much would hurt because my value is only $2. Since this is a first-price auction, I should shade my bid well below value. I also think the other bidders may bid somewhat aggressively or near value, so I want a small but nonzero bid that can still compete without risking a loss. I stop after this one-step check and choose a cautious bid.",c1_f1_b2,cot_basis,1.0,1.0,2.0
3,1,48,39.2,-8.799999999999997,0.8166666666666668,7.200000000000003,"I make one immediate check: if I win, my payment should still leave me a positive gain. Since this is first-price, I should not bid all the way to my value. I expect the other bidders may shade or bid near their values, so I want a strong but cautious bid that can win without risking an obvious loss. I stop after this one-step look and keep the bid below my value.",c1_f1_b2,cot_basis,1.0,1.0,2.0
3,2,25,19.0,-6.0,0.76,2.3333333333333357,"I make one immediate check: if I win, I want the payment to stay below my value of 25, so I should not bid too aggressively. I also think the other bidders may shade or overbid a little, so I want a bid that is competitive but still leaves some cushion. Looking one step ahead, a moderate bid gives me a chance to win without creating an obvious loss.",c1_f1_b2,cot_basis,1.0,1.0,2.0
4,0,24,18.0,-6.0,0.75,2.0,"I make one local check: if I bid too high and win, my payment could cut into my value. Since this is first-price, I should shade below $24 rather than chase every possible opponent bid. I also think the others may shade or bid near value, so I choose a cautious bid that can still compete without feeling costly if I win.",c1_f1_b2,cot_basis,1.0,1.0,2.0
4,1,12,8.4,-3.5999999999999996,0.7000000000000001,0.40000000000000036,"I make one local check: if I win, paying too much would hurt, so I should stay below my $12 value. I look one step ahead: a slightly lower bid can still win if others shade or make mistakes, while avoiding an obvious loss. Since the others may not bid perfectly in a first-price auction, I choose a cautious bid that keeps some margin.",c1_f1_b2,cot_basis,1.0,1.0,2.0
4,2,18,12.0,-6.0,0.6666666666666666,0.0,"I make one immediate check: if I win, my payoff is value minus my bid, so I should avoid bidding so high that winning feels costly. Since other bidders may shade or bid near value in a first-price auction, I will stay below my $18 value but still bid enough to be competitive. I look only one step ahead: a moderate bid can win without risking a loss from overpaying.",c1_f1_b2,cot_basis,1.0,1.0,2.0
5,0,34,27.4,-6.600000000000001,0.8058823529411764,4.733333333333334,"I make one immediate safety check: if I win, my payoff is value minus my bid, so I should avoid bidding so high that winning feels costly. I also think the others may shade or bid near value, so I want a competitive but cautious bid rather than a full-value bid. One step ahead, a moderate bid can still win while leaving some profit if I do win.",c1_f1_b2,cot_basis,1.0,1.0,2.0
5,1,28,22.0,-6.0,0.7857142857142857,3.3333333333333357,"I make one local check: if I win, my payoff is value minus my bid, so I should avoid bidding so high that winning feels costly. I also think other bidders may shade or bid near value, so a moderate bid can still compete without overcommitting. I will stay below my value and use one cautious step ahead of the direct win payoff.",c1_f1_b2,cot_basis,1.0,1.0,2.0
5,2,37,28.5,-8.5,0.7702702702702703,3.8333333333333357,"I make one local check: if I win, I pay my own bid, so I should keep the bid below my value to avoid an obvious loss. I look one step ahead only: a slightly higher bid can help me win, but bidding too close to 37 reduces profit. Other bidders may shade or bid near value, so I choose a cautious, competitive bid rather than an aggressive one.",c1_f1_b2,cot_basis,1.0,1.0,2.0
6,0,23,16.5,-6.5,0.717391304347826,1.1666666666666679,"I make one local check: if I win, my payoff is value minus my bid, so I should avoid bidding so high that winning feels costly. Since this is a first-price auction, I also expect the others may shade bids or bid cautiously, so I want a competitive but still safe bid. I will stay below my $23 value and choose a moderate bid that can win without pushing too close to my limit.",c1_f1_b2,cot_basis,1.0,1.0,2.0
6,1,1,0.2,-0.8,0.2,-0.4666666666666666,"I make one immediate check: if I win, paying too much would wipe out my small value. Since this is a first-price auction, I should shade my bid well below $1 and avoid overpaying. I also expect Andy and Charles may bid conservatively or make small mistakes, so a very small but positive bid gives me a chance without risking a loss.",c1_f1_b2,cot_basis,1.0,1.0,2.0
6,2,42,34.0,-8.0,0.8095238095238095,6.0,"I make one local check: if I win, I want the payment to stay safely below my value of 42, since this is a first-price auction. One step ahead, a bid a bit below value can still win while leaving some profit. I also think the other bidders may shade or bid near value, so I should stay competitive without going all the way to 42.",c1_f1_b2,cot_basis,1.0,1.0,2.0
7,0,26,19.5,-6.5,0.75,2.166666666666668,"I make one immediate check: if I win, my bid should not eat up too much of my $26 value. Since this is first-price, I should shade below value rather than bid all the way up. I also think the other bidders may shade or guess around their values, so I want a bid that is competitive but still leaves some gain if I win. One-step ahead, a moderate bid seems safest.",c1_f1_b2,cot_basis,1.0,1.0,2.0
7,1,35,28.4,-6.600000000000001,0.8114285714285714,5.066666666666666,"I make one local check: if I win, my bid should still leave a positive gain, so I will not bid too close to my $35 value. I look one step ahead and assume other bidders may shade a bit or bid near value, so a moderate bid should stay competitive without risking an obvious loss. I will choose a cautious bid below my value, using the first-price rule to keep some profit if I win.",c1_f1_b2,cot_basis,1.0,1.0,2.0
7,2,12,9.6,-2.4000000000000004,0.7999999999999999,1.5999999999999996,"I make one local check: if I win, paying too much would hurt, so I should stay below my $12 value. I look one step ahead: a slightly higher bid can improve winning chances, but it also lowers profit if I win. I also think other bidders may shade or bid near value, so I choose a cautious bid that is competitive without risking a loss.",c1_f1_b2,cot_basis,1.0,1.0,2.0
8,0,46,37.0,-9.0,0.8043478260869565,6.333333333333336,"I make one immediate check: if I win, my payoff is value minus my bid, so I should avoid bidding so high that the gain feels too small. I also think the others may shade their bids in a first-price auction, so a bid a bit below my value can still be competitive. I will stay cautious and one-step focused, choosing a strong but not extreme bid.",c1_f1_b2,cot_basis,1.0,1.0,2.0
8,1,6,4.0,-2.0,0.6666666666666666,0.0,"I make one immediate check: if I win, my bid should not eat up too much of my $6 value. Since this is first-price, I should shade below value. Other bidders may also shade or overbid a little, so I want a cautious bid that still has a chance to win without risking a loss. One step ahead, winning at a modest bid gives a small positive payoff, so I stay safely below 6.",c1_f1_b2,cot_basis,1.0,1.0,2.0
8,2,15,11.5,-3.5,0.7666666666666667,1.5,"I make one local check: if I win, my bid should leave some positive profit, so I should stay below my value. Since this is a first-price auction, I also expect the other bidders may shade or bid near value, so I should not bid too low and miss a likely win. I look one step ahead only: a moderate bid can win without obviously creating a loss.",c1_f1_b2,cot_basis,1.0,1.0,2.0
9,0,48,38.4,-9.600000000000001,0.7999999999999999,6.399999999999999,"I make one immediate check: if I win, the payment should still leave a clear gain. Since this is first-price, I should shade below my value rather than bid all the way up. I also think the other bidders may shade or make small mistakes, so a strong but not extreme bid seems sensible. One step ahead, a bid near the upper range should help me compete without obviously risking a loss.",c1_f1_b2,cot_basis,1.0,1.0,2.0
9,1,19,14.2,-4.800000000000001,0.7473684210526316,1.5333333333333332,"I make one immediate safety check: if I win, my payment should not eat too much of my $19 value. Since this is first-price, I should shade below value rather than bid aggressively. I also think the other bidders may shade or make small mistakes, so a moderate bid can still compete without creating an obvious loss. I will use one-step planning and keep the bid safely below my value.",c1_f1_b2,cot_basis,1.0,1.0,2.0
9,2,39,31.2,-7.800000000000001,0.7999999999999999,5.199999999999999,"I make one immediate check: if I win, I want the payment to stay safely below my value of 39. In a first-price auction, other bidders may shade or bid a bit aggressively, so I should bid high enough to stay competitive but still leave some profit if I win. I will use a cautious one-step bid rather than search over many possibilities.",c1_f1_b2,cot_basis,1.0,1.0,2.0
0,0,48,37.6,-10.399999999999999,0.7833333333333333,5.600000000000001,"I make one immediate safety check: if I win, my payment should stay below my value. I compare a slightly aggressive bid and a more cautious bid, both anchored to my $48 value. Since this is a first-price auction, bidding too high lowers my payoff, so I choose a bid that is still strong but leaves some margin. I ignore the other bidders and use only my own value and the rule.",c1_f2_b0,cot_basis,1.0,2.0,0.0
0,1,18,10.8,-7.199999999999999,0.6000000000000001,-1.1999999999999993,"I make one immediate safety check: if I bid too close to my $18 value, winning could leave me with very little payoff. I compare a cautious bid around 60% of value with a slightly higher bid that might win more often, and I choose the cautious option because it still keeps positive earnings if I win. I ignore the other bidders and use only my own value and the first-price rule.",c1_f2_b0,cot_basis,1.0,2.0,0.0
0,2,47,45.0,-2.0,0.9574468085106383,13.666666666666668,"I make one immediate safety check: if I bid too close to my value, my profit shrinks a lot if I win. I compare a few value-anchored bids: 43 keeps more profit, 45 is more aggressive, and 46 is very aggressive. Since this is a first-price auction, I want a bid that can still win while leaving some gain for me. I ignore the other bidders and choose a moderate, slightly cautious bid below my value.",c1_f2_b0,cot_basis,1.0,2.0,0.0
1,0,12,9.5,-2.5,0.7916666666666666,1.5,"I make one immediate safety check: if I bid too close to my $12 value, winning could leave little or no gain. I compare a cautious bid around 8, a moderate bid around 10, and an aggressive bid near 11. The higher bid raises my chance to win but lowers profit if I do win. Since I only use my own value and the first-price rule, I choose a middle-cautious bid that keeps some expected gain while still being competitive.",c1_f2_b0,cot_basis,1.0,2.0,0.0
1,1,28,18.0,-10.0,0.6428571428571429,-0.6666666666666643,"I make one immediate safety check: if I bid too close to my value, winning could leave little profit. I compare a cautious bid around 18 with a stronger bid around 22. The lower bid protects earnings better, while the higher bid gives more chance to win but reduces payoff if I do. Since I only use my own value and the first-price rule, I choose a moderate bid below my value.",c1_f2_b0,cot_basis,1.0,2.0,0.0
1,2,2,0.7,-1.3,0.35,-0.6333333333333333,"I make one immediate safety check: if I bid too close to my value of 2, winning could leave me with little or no gain in this first-price auction. I compare a low bid like 0.5 with a more aggressive bid like 1.5; the lower bid keeps more profit if I win, while the higher bid raises the chance of winning but cuts payoff. Since I only use my own value and the rule, I choose a cautious bid below my value.",c1_f2_b0,cot_basis,1.0,2.0,0.0
2,0,9,6.0,-3.0,0.6666666666666666,0.0,"I make one immediate safety check: if I win, paying too much would hurt my payoff. I compare a low bid around my value against a slightly more cautious bid below it. Since this is a first-price auction and I only use my own value, I choose a bid that keeps some margin while still being competitive.",c1_f2_b0,cot_basis,1.0,2.0,0.0
2,1,37,24.0,-13.0,0.6486486486486487,-0.6666666666666643,"I make one immediate safety check: if I bid too close to my value, winning could leave little profit in this first-price auction. I compare a higher bid around 30 with a more cautious bid around 24. The higher bid should raise my chance to win, but the lower bid keeps more of my value if I win. Using my own value only, I choose the cautious option that still competes well.",c1_f2_b0,cot_basis,1.0,2.0,0.0
2,2,30,24.0,-6.0,0.8,4.0,"I make one immediate safety check: if I bid too close to my value, winning could leave me with little profit. I compare a slightly cautious bid against a more aggressive one, and since this is a first-price auction I want a bid that can still win while preserving some margin. I ignore the other bidders and use only my value of 30. A moderate bid seems best under my bounded reasoning.",c1_f2_b0,cot_basis,1.0,2.0,0.0
3,0,2,1.5,-0.5,0.75,0.16666666666666674,"I make one immediate safety check: if I win, I want the payment to stay below my value of 2. I compare a low bid like 1.0, a value-anchored bid like 1.5, and a near-value bid like 1.9. The lower bid protects payoff better, while the higher bids raise the chance of winning but risk little or no profit. Since I only use my own value and the first-price rule, I choose a cautious bid below value.",c1_f2_b0,cot_basis,1.0,2.0,0.0
3,1,48,44.0,-4.0,0.9166666666666666,12.0,"I make one immediate safety check: if I win, I want a positive margin rather than bidding too close to my $48 value. I compare a slightly aggressive bid against a more cautious one, and I choose the cautious option because it still gives a strong chance to win while leaving some profit. I ignore the other bidders and use only my own value and the first-price rule.",c1_f2_b0,cot_basis,1.0,2.0,0.0
3,2,25,21.0,-4.0,0.84,4.333333333333336,"I make one immediate check: if I bid too close to my value, winning could leave little profit. I compare a cautious bid around 20 with a slightly higher bid around 22; the higher one raises my chance to win but lowers my margin. Since I only use my own value and the first-price rule, I choose a bid that stays below value while still being reasonably competitive.",c1_f2_b0,cot_basis,1.0,2.0,0.0
4,0,24,18.7,-5.300000000000001,0.7791666666666667,2.6999999999999993,"I make one immediate safety check: if I win, I want the payment to stay below my value of 24. I compare a slightly cautious bid and a more aggressive bid, and I ignore what the other bidders might do. A lower bid protects payoff but may reduce winning chance; a higher bid improves winning chance but cuts profit. I choose a middle bid that stays safely under my value while still being competitive.",c1_f2_b0,cot_basis,1.0,2.0,0.0
4,1,12,6.0,-6.0,0.5,-2.0,"I make one safety check: if I win, I want my payment to stay clearly below my $12 value. I compare a conservative bid around half my value with a more aggressive bid closer to value, and the conservative one gives me a better balance of winning chance and positive payoff. I ignore the other bidders and use only my own value and the first-price rule.",c1_f2_b0,cot_basis,1.0,2.0,0.0
4,2,18,12.0,-6.0,0.6666666666666666,0.0,"I make one immediate safety check: if I win, I want the payment to stay comfortably below my $18 value. I compare a slightly cautious bid around 12 with a more aggressive bid around 15; 12 keeps more expected gain if I win, while 15 raises the chance of winning but leaves less margin. Since I ignore the other bidders and focus only on my own value and the first-price rule, I choose the safer value-anchored bid.",c1_f2_b0,cot_basis,1.0,2.0,0.0
5,0,34,30.0,-4.0,0.8823529411764706,7.333333333333336,"I make one immediate safety check: if I bid too close to my value, winning could leave little surplus. I compare a few self-focused bids: 27 keeps a clear margin, 30 is more aggressive, and 32 is riskier. Since this is a first-price auction, I want a bid that can still win while preserving some payoff. I ignore the other bidders and choose a moderate bid below my value.",c1_f2_b0,cot_basis,1.0,2.0,0.0
5,1,28,18.0,-10.0,0.6428571428571429,-0.6666666666666643,"I make one immediate safety check: if I bid too close to my value, winning could leave little profit. I compare a cautious bid around 18 with a stronger bid around 22. The lower bid protects earnings better, while the higher bid gives more chance to win but reduces payoff if I do. Since I only use my own value and the first-price rule, I choose a moderate bid below my value.",c1_f2_b0,cot_basis,1.0,2.0,0.0
5,2,37,28.0,-9.0,0.7567567567567568,3.3333333333333357,"I make one immediate safety check: if I bid too close to my value, winning could leave little profit. I compare two simple options from my own value only: a higher bid around 30 to improve winning chance, and a more cautious bid around 25 to preserve margin. Since this is a first-price auction, I want a bid below 37 that still looks competitive to me. I choose the middle of those two consequences and stay value-anchored without thinking about the others.",c1_f2_b0,cot_basis,1.0,2.0,0.0
6,0,23,15.0,-8.0,0.6521739130434783,-0.33333333333333215,"I make one immediate safety check: if I bid too high, winning could leave me with too little profit. I compare a cautious bid around two-thirds of my value with a slightly higher bid that may improve my chance to win. Since I only use my own value and the first-price rule, I choose a bid that stays below 23 while still being competitive. The balanced choice is a moderate bid near 15.",c1_f2_b0,cot_basis,1.0,2.0,0.0
6,1,1,0.2,-0.8,0.2,-0.4666666666666666,"I make one immediate safety check: if I bid too close to my $1 value, winning could leave me with little or no gain. I compare a very low bid against a value-anchored bid, and because this is a first-price auction I prefer the safer lower bid. I ignore the other bidders and use only my own value and the rule.",c1_f2_b0,cot_basis,1.0,2.0,0.0
6,2,42,34.0,-8.0,0.8095238095238095,6.0,"I make one immediate safety check: if I bid too close to my value, my gain shrinks a lot if I win. I compare two simple options: a higher bid around 38, which improves my chance to win but leaves less profit, and a more cautious bid around 34, which keeps more value if I win but is still competitive. Using only my own value and the first-price rule, I choose the cautious middle bid.",c1_f2_b0,cot_basis,1.0,2.0,0.0
7,0,26,21.0,-5.0,0.8076923076923077,3.666666666666668,"I make one immediate safety check: if I win, I want the payment to stay comfortably below my value of 26. I compare a cautious bid around the low 20s with a slightly higher bid that improves winning chance but lowers profit, and I avoid pushing too close to 26. Using only my own value and the first-price rule, I choose a moderate bid that balances payoff and winning chance.",c1_f2_b0,cot_basis,1.0,2.0,0.0
7,1,35,24.5,-10.5,0.7,1.1666666666666679,"I make one immediate safety check: if I bid too close to my value, winning could leave me with little profit. I compare a conservative bid around 70% of value with a more aggressive bid around 80% of value, then choose the one that better balances winning chance and payoff. I ignore the other bidders and use only my value and the first-price rule. With value 35, a moderate bid feels best.",c1_f2_b0,cot_basis,1.0,2.0,0.0
7,2,12,8.0,-4.0,0.6666666666666666,0.0,"I make one immediate safety check: if I win, I want the payment to stay comfortably below my $12 value. I compare a cautious bid around 8 with a more aggressive bid around 10; 8 leaves more margin, while 10 risks reducing my gain too much. I ignore the other bidders and use only my own value and the first-price rule. The safer value-anchored choice is 8.",c1_f2_b0,cot_basis,1.0,2.0,0.0
8,0,46,36.8,-9.200000000000003,0.7999999999999999,6.133333333333333,"I make one safety check: if I bid too close to my value, my gain from winning gets small. I compare a slightly higher bid that may win more often with a slightly lower bid that keeps more surplus. Since this is a first-price auction, I should stay below my value and choose a cautious bid that still looks competitive. I ignore the other bidders and use only my value and the rule.",c1_f2_b0,cot_basis,1.0,2.0,0.0
8,1,6,4.2,-1.7999999999999998,0.7000000000000001,0.20000000000000018,"I make one immediate safety check: if I bid too close to my $6 value, winning could leave little or no gain. I compare a cautious low bid against a more aggressive bid, and I choose the one that still gives a chance to win without pushing my payoff too hard. I ignore the other bidders and use only my own value and the first-price rule.",c1_f2_b0,cot_basis,1.0,2.0,0.0
8,2,15,10.0,-5.0,0.6666666666666666,0.0,"I make one immediate safety check: if I bid too close to my value, winning could leave little or no profit. I compare a cautious bid around 10 with a more aggressive bid around 12. The lower bid protects earnings better, while the higher bid increases winning chance but cuts profit. Since I should use my own value only and keep the reasoning simple, I choose the cautious middle option below my value.",c1_f2_b0,cot_basis,1.0,2.0,0.0
9,0,48,37.6,-10.399999999999999,0.7833333333333333,5.600000000000001,"I make one immediate safety check: if I win, my payment should stay below my value. I compare a slightly aggressive bid and a more cautious bid, both anchored to my $48 value. Since this is a first-price auction, bidding too high lowers my payoff, so I choose a bid that is still strong but leaves some margin. I ignore the other bidders and use only my own value and the rule.",c1_f2_b0,cot_basis,1.0,2.0,0.0
9,1,19,15.0,-4.0,0.7894736842105263,2.333333333333334,"I make one safety check: if I win, I want my payoff to stay positive, so I should bid below my value of 19. I compare a conservative bid around 12 with a more aggressive bid around 16; the higher bid improves winning chance but reduces profit if I win. Staying value-anchored and using only my own value, I choose the safer middle option.",c1_f2_b0,cot_basis,1.0,2.0,0.0
9,2,39,31.0,-8.0,0.7948717948717948,5.0,"I make one immediate safety check: if I bid too close to my value, winning could leave me with little profit, so I should stay below $39. I compare a moderate bid around the low 30s with a more aggressive bid near the high 30s. The moderate bid keeps more surplus if I win, while the aggressive bid raises the chance of winning but cuts payoff. I ignore the other bidders and choose a value-anchored bid that balances these two outcomes.",c1_f2_b0,cot_basis,1.0,2.0,0.0
0,0,48,38.0,-10.0,0.7916666666666666,6.0,"I make one immediate safety check: if I bid too close to my value, winning could feel too costly in a first-price auction. I compare a more cautious bid and a stronger bid: the cautious bid protects earnings, while the stronger bid improves my chance against bidders who may be low, medium, or high. Since my value is very high at 48, I can stay competitive without going all the way to the top. I choose a moderately aggressive bid that balances winning chance and payoff.",c1_f2_b1,cot_basis,1.0,2.0,1.0
0,1,18,12.0,-6.0,0.6666666666666666,0.0,"I make one safety check: if I bid too high in this first-price auction, I could win but earn too little. My value is 18, so I stay below it. I compare a cautious bid near 12 against a more aggressive bid near 15; the higher bid may win more often, but it cuts profit more. Since others could bid low, medium, or high, I choose a moderate bid that balances winning chance and payoff.",c1_f2_b1,cot_basis,1.0,2.0,1.0
0,2,47,43.0,-4.0,0.9148936170212766,11.666666666666668,"I make one immediate check: if I bid too high, I give up too much profit in a first-price auction. My value is 47, so I want a bid below that. I compare a more cautious bid around the low 40s with a more aggressive bid in the mid 40s. Since others could bid low, medium, or high, I stay competitive but keep some margin. I choose a bid that is strong enough to win often without pushing too close to my value.",c1_f2_b1,cot_basis,1.0,2.0,1.0
1,0,12,8.0,-4.0,0.6666666666666666,0.0,"I make one immediate safety check: if I bid too high in this first-price auction, I could win but earn too little. My value is 12, so I stay below it. I compare a cautious bid around 8 against a more aggressive 10; 10 may win more often, but 8 leaves better profit if I win. Others could bid low, medium, or high, so I choose a moderate, value-anchored bid rather than push too close to 12.",c1_f2_b1,cot_basis,1.0,2.0,1.0
1,1,28,22.0,-6.0,0.7857142857142857,3.3333333333333357,"I make one immediate check: if I bid too close to my value, winning could leave only a small gain. I compare a cautious bid around the low 20s with a more aggressive bid near 25. Since others could bid low, medium, or high, I want a bid that can still win without pushing too hard. I choose a moderate, value-anchored bid that keeps some profit if I win.",c1_f2_b1,cot_basis,1.0,2.0,1.0
1,2,2,1.2,-0.8,0.6,-0.1333333333333333,"I make one safety check: if I bid too close to my $2 value, winning could leave me with little or no gain in a first-price auction. I compare a low bid and a slightly more competitive bid, and since others could bid low, medium, or high, I stay cautious. A small bid keeps me in the game without risking much.",c1_f2_b1,cot_basis,1.0,2.0,1.0
2,0,9,6.0,-3.0,0.6666666666666666,0.0,"I make one immediate check: if I bid too close to my $9 value, winning could leave little or no profit in a first-price auction. I compare a safer low bid with a more competitive medium bid. Since the other bidders could be low, medium, or high, I stay cautious but not tiny. A moderate bid should keep some chance to win without risking overpaying too much.",c1_f2_b1,cot_basis,1.0,2.0,1.0
2,1,37,24.0,-13.0,0.6486486486486487,-0.6666666666666643,"I make one safety check: if I bid too close to my value, winning could feel costly in a first-price auction. I compare a cautious bid around the low 20s with a more aggressive bid in the high 20s; the higher bid may win more often, but it also cuts my payoff more. Since the other bidders could be low, medium, or high, I stay moderately competitive but not extreme.",c1_f2_b1,cot_basis,1.0,2.0,1.0
2,2,30,18.0,-12.0,0.6,-2.0,"I make one safety check: if I bid too high in this first-price auction, winning could leave me with too little profit. I compare a cautious bid around half my value with a slightly stronger bid that may win more often. Since the other bidders could be low, medium, or high, I stay moderately competitive but still below my $30 value.",c1_f2_b1,cot_basis,1.0,2.0,1.0
3,0,2,0.5,-1.5,0.25,-0.8333333333333333,"I make one safety check: if I bid too high, I could win and pay close to my value, which feels costly in a first-price auction. I compare a very low bid against a slightly higher one: the low bid keeps me safe, while the higher bid might improve winning a bit but reduces my payoff if I do win. Others could bid low, medium, or high, so I stay cautious and keep the bid well below my value.",c1_f2_b1,cot_basis,1.0,2.0,1.0
3,1,48,41.0,-7.0,0.8541666666666666,9.0,"I make one safety check: if I bid too close to my value, I could win but keep very little profit. I compare a slightly aggressive bid and a more cautious one; with a high value of 48, a stronger bid should improve my chance against others who might bid low, medium, or high. I will stay below my value but still compete seriously.",c1_f2_b1,cot_basis,1.0,2.0,1.0
3,2,25,18.0,-7.0,0.72,1.3333333333333357,"I make one immediate safety check: if I bid too close to my $25 value, winning could leave little profit. I compare a cautious bid and a more aggressive bid, and I keep in mind the other bidders could be low, medium, or high. Since this is a first-price auction, I should shade below value but still stay competitive. A moderate bid seems best for balancing winning chance and payoff.",c1_f2_b1,cot_basis,1.0,2.0,1.0
4,0,24,16.0,-8.0,0.6666666666666666,0.0,"I make one safety check: if I bid too close to my value, winning could leave little profit in a first-price auction. I compare a cautious bid around the middle against a slightly higher bid that may win more often, and I keep in mind the others could bid low, medium, or high. A moderate bid seems best: it protects profit while still giving a fair chance to win.",c1_f2_b1,cot_basis,1.0,2.0,1.0
4,1,12,8.4,-3.5999999999999996,0.7000000000000001,0.40000000000000036,"I make one immediate safety check: if I bid too high, I could win but give up most of my $12 value. I compare a cautious bid and a more aggressive bid; the cautious one keeps some profit if I win, while the aggressive one raises winning chance but risks thin earnings. Since the other bidders could be low, medium, or high, I stay moderately cautious and avoid overbidding my value.",c1_f2_b1,cot_basis,1.0,2.0,1.0
4,2,18,12.0,-6.0,0.6666666666666666,0.0,"I make one safety check: if I bid too high and win, my payoff could shrink a lot because this is first-price. I compare a cautious bid around two-thirds of my value with a slightly more aggressive bid that might win more often. Since the other bidders could be low, medium, or high, I stay moderately competitive but still below my value.",c1_f2_b1,cot_basis,1.0,2.0,1.0
5,0,34,26.0,-8.0,0.7647058823529411,3.3333333333333357,"I make one immediate safety check: if I bid too close to my value, winning could feel costly in a first-price auction. I compare a cautious bid and a more competitive bid, and since others could be low, medium, or high, I want a bid that can still win without giving away too much. With value 34, I stay below value but not too low, choosing a moderately aggressive bid.",c1_f2_b1,cot_basis,1.0,2.0,1.0
5,1,28,22.0,-6.0,0.7857142857142857,3.3333333333333357,"I make one immediate check: if I bid too close to my value, winning could leave only a small gain. I compare a cautious bid around the low 20s with a more aggressive bid near 25. Since others could bid low, medium, or high, I want a bid that can still win without pushing too hard. I choose a moderate, value-anchored bid that keeps some profit if I win.",c1_f2_b1,cot_basis,1.0,2.0,1.0
5,2,37,29.4,-7.600000000000001,0.7945945945945946,4.733333333333334,"I make one safety check: if I bid too close to my $37 value, winning could leave only a small gain. I compare a cautious bid and a more competitive bid. A lower bid protects profit but may lose to bidders who are medium or high; a higher bid improves winning chance but trims earnings. Since others could be low, medium, or high, I choose a moderately competitive bid that stays below my value.",c1_f2_b1,cot_basis,1.0,2.0,1.0
6,0,23,16.5,-6.5,0.717391304347826,1.1666666666666679,"I make one safety check: if I bid too close to my value, winning could feel costly in a first-price auction. I compare a cautious bid around the middle with a slightly stronger bid that may win more often. Since others could bid low, medium, or high, I lean a bit competitive but still keep room below my $23 value.",c1_f2_b1,cot_basis,1.0,2.0,1.0
6,1,1,0.1,-0.9,0.1,-0.5666666666666667,"I make one immediate safety check: if I bid too high, winning could leave me with little or no gain because my value is only $1. I compare a very small bid against a slightly higher one, and the small bid keeps me safer while still giving a chance if others bid low. Others could bid low, medium, or high, so I stay cautious and close to my value rather than chasing the prize.",c1_f2_b1,cot_basis,1.0,2.0,1.0
6,2,42,33.6,-8.399999999999999,0.8,5.600000000000001,"I make one safety check: if I bid too high, winning could leave too little profit in a first-price auction. I compare a cautious bid around the low 30s with a more aggressive bid in the upper 30s. Since others could bid low, medium, or high, I want a bid that still has a decent chance to win without giving away too much. I will choose a moderate, value-anchored bid below my $42 value.",c1_f2_b1,cot_basis,1.0,2.0,1.0
7,0,26,22.0,-4.0,0.8461538461538461,4.666666666666668,"I make one immediate check: if I bid too high, I could win but give up too much of my $26 value. I compare a cautious bid around the low 20s with a more aggressive bid near my value. Since others could bid low, medium, or high, I want a bid that can win without feeling too costly. I choose a moderate, value-below bid that keeps some profit if I win while still being competitive.",c1_f2_b1,cot_basis,1.0,2.0,1.0
7,1,35,31.0,-4.0,0.8857142857142857,7.666666666666668,"I make one safety check: if I bid too close to my value, winning could leave only a small gain. I compare a cautious bid around the low 30s with a more aggressive bid in the mid-30s. Since others could bid low, medium, or high, I want a bid that still has a good chance to win but keeps some profit if I do. I choose a moderately competitive bid below my value.",c1_f2_b1,cot_basis,1.0,2.0,1.0
7,2,12,8.4,-3.5999999999999996,0.7000000000000001,0.40000000000000036,"I make one immediate safety check: if I bid too close to my $12 value, winning could leave little profit in a first-price auction. I compare a safer low bid with a more competitive medium bid, and a higher bid that might win more often but risks overpaying. Since the other bidders could be low, medium, or high, I stay moderately cautious and choose a bid below my value that still has a decent chance to compete.",c1_f2_b1,cot_basis,1.0,2.0,1.0
8,0,46,35.0,-11.0,0.7608695652173914,4.333333333333336,"I make one safety check: if I bid too high, I give up too much profit in this first-price auction. My value is 46, so I want a strong bid but still below value. I compare a cautious bid around 30 with a more competitive bid around 35; since others could bid low, medium, or high, I choose the stronger one to improve winning chance while keeping some margin.",c1_f2_b1,cot_basis,1.0,2.0,1.0
8,1,6,4.0,-2.0,0.6666666666666666,0.0,"I make one immediate check: if I bid too close to my value, winning could feel costly in a first-price auction. I compare a cautious low bid against a slightly more aggressive one, since others could bid low, medium, or high. With value 6, I want some chance to win but still keep positive payoff if I do. A moderate bid below value seems best for this single round.",c1_f2_b1,cot_basis,1.0,2.0,1.0
8,2,15,11.0,-4.0,0.7333333333333333,1.0,"I make one safety check: if I bid too high, I could win but pay close to my value, so the gain feels thin. I compare a cautious bid and a more aggressive bid: a low bid may lose to others, while a moderate bid keeps some chance to win against bidders who might be low or medium. Since this is a first-price auction, I should stay below my value and keep a bit of margin.",c1_f2_b1,cot_basis,1.0,2.0,1.0
9,0,48,38.0,-10.0,0.7916666666666666,6.0,"I make one immediate safety check: if I bid too close to my value, winning could feel too costly in a first-price auction. I compare a more cautious bid and a stronger bid: the cautious bid protects earnings, while the stronger bid improves my chance against bidders who may be low, medium, or high. Since my value is very high at 48, I can stay competitive without going all the way to the top. I choose a moderately aggressive bid that balances winning chance and payoff.",c1_f2_b1,cot_basis,1.0,2.0,1.0
9,1,19,12.5,-6.5,0.6578947368421053,-0.16666666666666607,"I make one safety check: if I bid too high in this first-price auction, winning could leave me with little profit. I compare a cautious bid around half my value with a slightly stronger bid that may beat bidders who could be low, medium, or high. Since I want some chance to win without overpaying, I choose a moderate bid below my value.",c1_f2_b1,cot_basis,1.0,2.0,1.0
9,2,39,33.0,-6.0,0.8461538461538461,7.0,"I make one immediate check: if I bid too close to my value, winning could leave little profit, so I stay a bit below 39. I compare a cautious bid around the low 30s with a more aggressive bid in the mid-30s; the higher bid should raise my chance against Andy and Betty, while the lower bid keeps more margin. Since others could bid low, medium, or high, I choose a competitive but still safe bid.",c1_f2_b1,cot_basis,1.0,2.0,1.0
0,0,48,39.0,-9.0,0.8125,7.0,"I make one local safety check: if I bid too close to my value, winning could feel costly in a first-price auction. I compare a slightly aggressive bid with a more shaded bid; the aggressive one raises winning chance, while the shaded one protects profit if others bid truthfully or only mildly shade. Since other bidders may overbid a bit but not always, I choose a bid below value that still stays competitive.",c1_f2_b2,cot_basis,1.0,2.0,2.0
0,1,18,10.5,-7.5,0.5833333333333334,-1.5,"I make one immediate check: if I bid too high in this first-price auction, winning could leave me with little profit. I compare a cautious bid around half my value with a slightly higher bid that may improve my chance against Andy and Charles, who might shade or overbid. Since I only need one round, I prefer a moderate bid that balances winning chance and keeping some surplus.",c1_f2_b2,cot_basis,1.0,2.0,2.0
0,2,47,33.0,-14.0,0.7021276595744681,1.6666666666666679,"I make one immediate safety check: if I bid too close to my $47 value, I risk cutting my profit sharply in a first-price auction. I compare a stronger bid around the mid-to-high 30s with a more cautious bid around the low 30s; the lower one still looks competitive because the other bidders may shade or make small mistakes. I choose the cautious bid to balance winning chance and payoff while staying within my limited reasoning style.",c1_f2_b2,cot_basis,1.0,2.0,2.0
1,0,12,8.0,-4.0,0.6666666666666666,0.0,"I make one local check: if I bid too close to my $12 value, winning could leave little or no profit. I compare a cautious bid around 8 with a slightly higher bid around 9. Since this is first-price, other bidders may shade or bid near value, so a moderate bid should keep some winning chance without overpaying. I choose the safer middle option rather than pushing high.",c1_f2_b2,cot_basis,1.0,2.0,2.0
1,1,28,18.0,-10.0,0.6428571428571429,-0.6666666666666643,"I make one immediate safety check: if I bid too high in this first-price auction, winning could cost me too much. I compare a cautious bid around half my value with a slightly stronger bid that may win more often. Since Andy and Charles may shade or bid near value, I want a bid that is competitive but still leaves some profit if I win. I choose the middle path rather than the aggressive one.",c1_f2_b2,cot_basis,1.0,2.0,2.0
1,2,2,1.2,-0.8,0.6,-0.1333333333333333,"I make one immediate safety check: if I bid too high in this first-price auction, winning could leave me with little or no profit. My value is only $2, so I compare a low bid that may lose with a slightly higher bid that might win but still risks paying too much. I expect Andy and Betty may shade or overbid a bit, so I stay cautious and choose a bid below my value while still giving a small chance to compete.",c1_f2_b2,cot_basis,1.0,2.0,2.0
2,0,9,6.8,-2.2,0.7555555555555555,0.7999999999999998,"I make one immediate safety check: if I win, I want the payment to stay below my $9 value. I compare a cautious bid around 6.0 with a more aggressive 7.0; 7.0 raises winning chance but risks thinner profit, while 6.0 keeps a safer margin. Since the other bidders may shade or bid near value in a first-price auction, I lean a bit above the cautious option but still below value.",c1_f2_b2,cot_basis,1.0,2.0,2.0
2,1,37,27.0,-10.0,0.7297297297297297,2.3333333333333357,"I make one immediate check: if I bid too high, I give up too much profit in this first-price auction. I compare a cautious bid around 24 with a stronger bid around 30; the stronger bid may win more often, but it also costs more if I win. Since the other bidders may shade or bid near value, I choose a bid that is competitive but still leaves room above my cost.",c1_f2_b2,cot_basis,1.0,2.0,2.0
2,2,30,21.0,-9.0,0.7,1.0,"I make one immediate safety check: if I bid too high in this first-price auction, winning could leave too little profit. I compare a cautious bid around 20 with a stronger bid around 24; the stronger bid may win more often, but it also cuts my margin. Since the other bidders may shade or bid near value, I choose a moderate bid that keeps profit while still being competitive.",c1_f2_b2,cot_basis,1.0,2.0,2.0
3,0,2,1.2,-0.8,0.6,-0.1333333333333333,"I make one immediate check: if I bid too high, winning could leave me with little or no profit because this is first-price. I compare a low cautious bid against a slightly higher one, and since other bidders may shade or overbid, I want a bid that can still compete without pushing close to my value of 2. I stay conservative and choose a small positive bid.",c1_f2_b2,cot_basis,1.0,2.0,2.0
3,1,48,39.0,-9.0,0.8125,7.0,"I make one immediate check: if I bid too high, I may win but give up too much profit in this first-price auction. I compare a slightly shaded bid against a more aggressive one; the higher bid may raise winning chance, but the lower bid keeps more value if I win. Since Andy and Charles may shade too, I still want a strong bid near value but not at the top. I choose a cautious, competitive bid that balances winning chance and payoff.",c1_f2_b2,cot_basis,1.0,2.0,2.0
3,2,25,18.0,-7.0,0.72,1.3333333333333357,"I make one immediate check: if I bid too high in this first-price auction, winning could leave me with too little surplus. I compare a cautious bid around 18 with a stronger bid around 21; 18 is safer, while 21 may win more often but risks overpaying. I think Andy and Betty may shade bids below value, so a moderate bid should still be competitive without being reckless. I choose the safer middle option.",c1_f2_b2,cot_basis,1.0,2.0,2.0
4,0,24,16.0,-8.0,0.6666666666666666,0.0,"I make one local check: if I bid too close to my $24 value and win, the payoff could feel too thin in a first-price auction. I compare a safer lower bid with a more aggressive one: the lower bid gives better profit if I win but may lose to bidders who shade less, while the higher bid raises winning chance but cuts margin. Since others may bid somewhat below value too, I choose a moderate bid that balances winning chance and profit.",c1_f2_b2,cot_basis,1.0,2.0,2.0
4,1,12,8.0,-4.0,0.6666666666666666,0.0,"I make one immediate check: if I bid too close to my $12 value, winning could leave little or no profit in a first-price auction. I compare a cautious bid around 8 with a slightly higher bid around 9; 9 may win a bit more often, but 8 keeps more margin if I win. I also think the others may shade or bid near value, so I should not bid too low. I choose a moderate, value-anchored bid that balances winning chance and payoff.",c1_f2_b2,cot_basis,1.0,2.0,2.0
4,2,18,12.0,-6.0,0.6666666666666666,0.0,"I make one immediate check: if I bid too high, I could win but give up too much of my $18 value. I compare a cautious bid around the middle with a slightly higher bid that might beat bidders who shade or make small mistakes. Since this is first-price, I should shade below value but still stay competitive. Given Andy and Betty may not bid perfectly, I choose a moderate bid that balances winning chance and payoff.",c1_f2_b2,cot_basis,1.0,2.0,2.0
5,0,34,31.0,-3.0,0.9117647058823529,8.333333333333336,"I make one immediate check: if I bid too high in this first-price auction, winning could feel too costly, so I should stay below my value. I compare a more aggressive bid near 34 against a safer shaded bid around the low 30s; the aggressive bid raises winning chance but cuts payoff, while the shaded bid still looks competitive against bidders who may shade or bid near value. I choose the cautious middle ground.",c1_f2_b2,cot_basis,1.0,2.0,2.0
5,1,28,18.0,-10.0,0.6428571428571429,-0.6666666666666643,"I make one immediate safety check: if I bid too high in this first-price auction, winning could cost me too much. I compare a cautious bid around half my value with a slightly stronger bid that may win more often. Since Andy and Charles may shade or bid near value, I want a bid that is competitive but still leaves some profit if I win. I choose the middle path rather than the aggressive one.",c1_f2_b2,cot_basis,1.0,2.0,2.0
5,2,37,31.4,-5.600000000000001,0.8486486486486486,6.733333333333334,"I make one immediate check: if I bid too high, I risk paying too much in this first-price auction. I compare a slightly aggressive bid versus a more cautious one. Since Andy and Betty may shade their bids or make small mistakes, a bid near but below my value should keep a strong chance to win without giving away too much surplus. I will stay below $37 and choose a balanced bid.",c1_f2_b2,cot_basis,1.0,2.0,2.0
6,0,23,16.0,-7.0,0.6956521739130435,0.6666666666666679,"I make one immediate safety check: if I bid too close to my value in this first-price auction, winning could leave little profit. I compare a cautious bid and a more aggressive bid: a lower bid should protect payoff but may lose to bidders who shade less, while a higher bid may win more often but cuts earnings. Since Betty and Charles may bid somewhat below value, I choose a moderate bid that balances winning chance and profit.",c1_f2_b2,cot_basis,1.0,2.0,2.0
6,1,1,0.2,-0.8,0.2,-0.4666666666666666,"I make one immediate safety check: with value $1 in a first-price auction, bidding too high could erase my payoff if I win. I compare a low bid around 0.1 against a slightly higher bid around 0.2; the higher one may improve winning chance a little, but both still keep payment below value. I expect Andy and Charles may bid more aggressively, so I stay cautious and choose a small bid that still gives me some chance to compete.",c1_f2_b2,cot_basis,1.0,2.0,2.0
6,2,42,33.0,-9.0,0.7857142857142857,5.0,"I make one immediate check: if I bid too high, I may win but give up too much profit in this first-price auction. I compare a cautious bid around the low 30s with a more aggressive bid near my value, and I expect Andy and Betty may shade or bid somewhat below value too. To balance winning chance and payment, I choose a bid that is competitive but still leaves room for profit.",c1_f2_b2,cot_basis,1.0,2.0,2.0
7,0,26,20.4,-5.600000000000001,0.7846153846153846,3.0666666666666664,"I make one immediate check: if I bid too high, I could win but give up too much of my $26 value in this first-price auction. I compare a safer bid around the low 20s with a more aggressive bid near 25; the higher bid raises winning chance but cuts payoff if I win. Since Betty and Charles may shade or bid somewhat cautiously too, I choose a solid but not extreme bid that balances winning and profit.",c1_f2_b2,cot_basis,1.0,2.0,2.0
7,1,35,31.0,-4.0,0.8857142857142857,7.666666666666668,"I make one immediate safety check: if I bid too high in this first-price auction, winning could leave me with too little profit. I compare a cautious bid around the low 30s with a more aggressive bid near my value. Since other bidders may shade or bid near value, I want a bid that can still win without giving away too much. I choose a moderate bid below my value, balancing win chance and payoff.",c1_f2_b2,cot_basis,1.0,2.0,2.0
7,2,12,9.6,-2.4000000000000004,0.7999999999999999,1.5999999999999996,"I make one local check: if I bid too close to my value, winning could leave little profit in this first-price auction. I compare a slightly lower bid against a more aggressive one: the lower bid gives better payoff if I win, while the higher one may help against Andy and Betty if they shade upward. Since they may not bid fully truthfully, I choose a cautious but competitive bid below my value.",c1_f2_b2,cot_basis,1.0,2.0,2.0
8,0,46,36.0,-10.0,0.782608695652174,5.333333333333336,"I make one local check: if I bid too close to my value, winning could leave little profit in this first-price auction. I compare a slightly aggressive bid and a more cautious one; the aggressive bid raises winning chance, while the cautious bid protects payoff. I also think the others may shade or bid near value, so I should not go too low. Balancing those consequences, I choose a bid that is below my value but still competitive.",c1_f2_b2,cot_basis,1.0,2.0,2.0
8,1,6,3.8,-2.2,0.6333333333333333,-0.20000000000000018,"I make one immediate safety check: if I bid too high in this first-price auction, winning could leave little or no profit. I compare a cautious bid around half my value with a slightly higher bid that might win more often, and a very low bid that is safer but may lose to bidders who shade less. Since Andy and Charles may bid somewhat aggressively, I choose a modest bid that balances winning chance and profit while staying below my value.",c1_f2_b2,cot_basis,1.0,2.0,2.0
8,2,15,9.5,-5.5,0.6333333333333333,-0.5,"I make one immediate check: if I bid too high in this first-price auction, winning could leave me with little profit. I compare a cautious bid around half my value with a slightly higher bid that may improve my chance against Andy and Betty, who may shade or bid near value. Since I want a balance between winning chance and keeping positive payoff, I choose a moderate bid below my value rather than an aggressive one.",c1_f2_b2,cot_basis,1.0,2.0,2.0
9,0,48,39.0,-9.0,0.8125,7.0,"I make one local safety check: if I bid too close to my value, winning could feel costly in a first-price auction. I compare a slightly aggressive bid with a more shaded bid; the aggressive one raises winning chance, while the shaded one protects profit if others bid truthfully or only mildly shade. Since other bidders may overbid a bit but not always, I choose a bid below value that still stays competitive.",c1_f2_b2,cot_basis,1.0,2.0,2.0
9,1,19,13.0,-6.0,0.6842105263157895,0.3333333333333339,"I make one immediate check: if I bid too close to my $19 value in this first-price auction, winning could leave little profit. I compare a cautious bid around the mid-teens with a slightly higher bid that may improve winning chance but lowers payoff if I win. Since the other bidders may shade or bid near value, I choose a moderate bid that keeps some margin while still being competitive.",c1_f2_b2,cot_basis,1.0,2.0,2.0
9,2,39,31.2,-7.800000000000001,0.7999999999999999,5.199999999999999,"I make one immediate safety check: if I bid too high in this first-price auction, winning could cut into my profit. I compare a cautious bid and a more aggressive bid; the cautious one lowers payment risk, while the aggressive one raises winning chance against Andy and Betty if they shade or bid near value. Since they may not bid perfectly truthfully, I want a competitive but still value-anchored bid. I will shade below my $39 value, but not too much.",c1_f2_b2,cot_basis,1.0,2.0,2.0
0,0,48,47.0,-1.0,0.9791666666666666,15.0,"In a first-price auction, if I bid below my value and win, I keep more surplus; if I bid above my value and win, I risk paying more than the item is worth. If I bid too low, I may lose a profitable win. Using only my own value and the rule, a quick safe choice is to bid somewhat below 48 to balance winning and payment, without overthinking others.",c2_f0_b0,cot_basis,2.0,0.0,0.0
0,1,18,18.0,0.0,1.0,6.0,"In a first-price auction, if I bid below my value I may win and keep some value, while if I bid above my value I could win but risk paying more than it is worth. If I bid exactly my value, winning gives me no gain but avoids overpaying. I ignore the other bidders and use my own value and the rule only. A simple safe choice is to bid my value.",c2_f0_b0,cot_basis,2.0,0.0,0.0
0,2,47,41.0,-6.0,0.8723404255319149,9.666666666666668,"In this first-price auction, if I bid below my value I may keep more money when I win, but if I bid too low I can lose a profitable item. If I bid above my value, I risk winning and paying more than the item is worth to me. Since I should use simple contingent reasoning and focus only on my own value and the rule, I choose a bid that is safely below my value but still competitive.",c2_f0_b0,cot_basis,2.0,0.0,0.0
1,0,12,12.0,0.0,1.0,4.0,"In this first-price auction, if I bid below my value I may win and keep some positive gain, while if I bid above my value I might win but risk paying more than the item is worth. If I bid exactly my value, winning gives me about zero gain, which feels like the safest simple choice. I ignore the other bidders and use only my value and the payment rule.",c2_f0_b0,cot_basis,2.0,0.0,0.0
1,1,28,18.0,-10.0,0.6428571428571429,-0.6666666666666643,"In a first-price auction, if I bid below my value and win, I keep more surplus; if I bid above my value and win, I could pay more than the prize is worth to me. Since I only use my own value and the rule, a simple safe choice is to bid below 28 but not too low. I stop after this quick contingent check and choose a straightforward bid in 0.1 increments.",c2_f0_b0,cot_basis,2.0,0.0,0.0
1,2,2,2.0,0.0,1.0,0.6666666666666667,"In this first-price auction, if I bid below my value I may lose a profitable win, and if I bid above my value I risk winning and paying more than the item is worth to me. Bidding at my value is the simplest safe point under these rules, and I ignore the other bidders. My value is $2, so I will bid $2.0 in the allowed 0.1 increments.",c2_f0_b0,cot_basis,2.0,0.0,0.0
2,0,9,9.0,0.0,1.0,3.0,"In this first-price auction, if I bid below my value I may lose a profitable win, and if I bid above my value I can win but risk paying more than the item is worth. Since I only use my own value and the visible rule, the safest quick choice is to bid my value to balance winning and payment.",c2_f0_b0,cot_basis,2.0,0.0,0.0
2,1,37,29.6,-7.399999999999999,0.8,4.933333333333337,"In this first-price auction, if I bid below my value I am safer because I keep more if I win, but I might lose a profitable item. If I bid above my value I could win and pay more than the item is worth, which feels bad. If I bid equal to my value, I break even when I win. I ignore the other bidders and use my own value and the rule only. A quick, simple choice is to bid a bit below my value for safety.",c2_f0_b0,cot_basis,2.0,0.0,0.0
2,2,30,24.0,-6.0,0.8,4.0,"In this first-price auction, if I bid below my value I may keep more money when I win, but if I bid too low I can lose a profitable win. If I bid above my value, I could win and pay more than the item is worth to me, which feels unsafe. Since I only use my own value and the rule, I choose a simple bid below 30 that still gives me a chance to win.",c2_f0_b0,cot_basis,2.0,0.0,0.0
3,0,2,2.0,0.0,1.0,0.6666666666666667,"In a first-price auction, if I bid below my value and win, I keep positive profit; if I bid above my value and win, I risk negative profit; if I bid equal to my value, winning gives about zero profit. I ignore the other bidders and only use my own value and the rule. A simple safe choice is to bid at my value or slightly below, but I will keep it direct and use my value.",c2_f0_b0,cot_basis,2.0,0.0,0.0
3,1,48,47.9,-0.10000000000000142,0.9979166666666667,15.899999999999999,"In this first-price auction, if I bid below my value I may lose a profitable win, and if I bid above my value I risk winning and paying more than my value. Since I only use my own value and the rule, the safest quick choice is to bid below 48 but still high enough to stay competitive. I stop at this simple contingency check and choose a conservative bid.",c2_f0_b0,cot_basis,2.0,0.0,0.0
3,2,25,24.0,-1.0,0.96,7.333333333333336,"In this first-price auction, if I bid below my value I may lose a profitable win, and if I bid above my value I risk winning but paying more than the item is worth to me. Since I only use my own value and the visible rule, a simple safe choice is to bid below 25 while staying competitive. I stop after this quick contingent check and avoid extra forecasting.",c2_f0_b0,cot_basis,2.0,0.0,0.0
4,0,24,23.9,-0.10000000000000142,0.9958333333333332,7.899999999999999,"In this first-price auction, if I bid below my value I may win and keep some surplus, if I bid equal to my value I risk no surplus, and if I bid above my value I could win and pay more than my value. Since I only use my own value and the rule, the safest simple choice is a bid a bit below 24 to keep a positive margin while still being competitive.",c2_f0_b0,cot_basis,2.0,0.0,0.0
4,1,12,11.9,-0.09999999999999964,0.9916666666666667,3.9000000000000004,"In this first-price auction, if I bid below my value and win, I keep a positive gain; if I bid above my value and win, I risk paying more than the item is worth to me; if I bid equal to my value, I break even if I win. I ignore the other bidders and use my own value plus the visible rule. A simple safe choice is to bid a bit below 12 to preserve some gain while still being competitive.",c2_f0_b0,cot_basis,2.0,0.0,0.0
4,2,18,12.0,-6.0,0.6666666666666666,0.0,"In this first-price auction, if I bid below my value I may keep positive profit when I win, but if I bid too high I can win and pay too much. If I bid above my value, winning can be bad because payment exceeds my value. If I bid below my value, I may lose even when the item would have been worthwhile. With no forward planning and ignoring other bidders, a quick safe compromise is to bid somewhat below my value.",c2_f0_b0,cot_basis,2.0,0.0,0.0
5,0,34,31.0,-3.0,0.9117647058823529,8.333333333333336,"In this first-price auction, if I bid below my value I may keep more money when I win, but if I bid too low I can lose a profitable win. If I bid above my value, I risk winning and paying more than the item is worth to me. Since I only use my own value and the rule, a bid a bit below 34 feels like the safest simple choice.",c2_f0_b0,cot_basis,2.0,0.0,0.0
5,1,28,18.0,-10.0,0.6428571428571429,-0.6666666666666643,"In a first-price auction, if I bid below my value and win, I keep more surplus; if I bid above my value and win, I could pay more than the prize is worth to me. Since I only use my own value and the rule, a simple safe choice is to bid below 28 but not too low. I stop after this quick contingent check and choose a straightforward bid in 0.1 increments.",c2_f0_b0,cot_basis,2.0,0.0,0.0
5,2,37,29.5,-7.5,0.7972972972972973,4.833333333333336,"In this first-price auction, if I bid below my value I keep more money when I win, but if I bid too low I may lose a profitable win. If I bid above my value, winning would feel unsafe because I could pay more than the prize is worth. I ignore the other bidders and use my own value and the rule. A simple middle bid below 37 feels like a balanced choice.",c2_f0_b0,cot_basis,2.0,0.0,0.0
6,0,23,23.0,0.0,1.0,7.666666666666668,"In this first-price auction, if I bid below my value I may win and keep some profit, while if I bid above my value I could win and lose money. If I bid exactly my value, winning gives me no gain but avoids the unsafe above-value case. I ignore the other bidders and use only my own value and the payment rule. A simple safe choice is to bid my value.",c2_f0_b0,cot_basis,2.0,0.0,0.0
6,1,1,1.0,0.0,1.0,0.33333333333333337,"In this first-price auction, if I bid below my value I may lose a profitable win, and if I bid above my value I can win but risk paying more than the item is worth. With value $1, the safest quick choice is to bid at my value so I only win when it feels worth it and avoid overpaying. I ignore the other bidders and use only my own value and the rule.",c2_f0_b0,cot_basis,2.0,0.0,0.0
6,2,42,40.0,-2.0,0.9523809523809523,12.0,"In this first-price auction, if I bid below my value I may keep more money when I win, but if I bid too low I can lose a profitable item. If I bid above my value and win, I risk paying more than the prize is worth to me. Since I only use my own value and the rule, a simple safe choice is to bid somewhat below 42 while staying competitive.",c2_f0_b0,cot_basis,2.0,0.0,0.0
7,0,26,26.0,0.0,1.0,8.666666666666668,"In this first-price auction, if I bid below my value I may still win and keep some surplus, while if I bid above my value I risk winning and paying more than the item is worth to me. If I bid exactly my value, winning would leave me with no gain, but it avoids the danger of overpaying. I ignore the other bidders and use only my own value and the rule. A simple safe choice is to bid my value.",c2_f0_b0,cot_basis,2.0,0.0,0.0
7,1,35,35.0,0.0,1.0,11.666666666666668,"In this first-price auction, if I bid below my value I may lose a profitable win, and if I bid above my value I risk winning and paying more than the item is worth to me. If I bid at my value, winning gives me about zero surplus and losing gives zero, so that feels safest. I ignore the other bidders and use only my own value and the rule.",c2_f0_b0,cot_basis,2.0,0.0,0.0
7,2,12,12.0,0.0,1.0,4.0,"In this first-price auction, if I bid below my value I may lose a profitable win, and if I bid above my value I risk winning but paying more than the item is worth to me. If I bid at my value, the win case and lose case are both straightforward and feel safest under this simple rule. I ignore the other bidders and use only my own value and the payment rule.",c2_f0_b0,cot_basis,2.0,0.0,0.0
8,0,46,44.0,-2.0,0.9565217391304348,13.333333333333336,"In this first-price auction, if I bid below my value I may win and keep some surplus, if I bid equal to my value I break even if I win, and if I bid above my value I risk paying more than the prize is worth. Since I only use my own value and the visible rule, I choose a safe bid a bit below 46 to keep positive gain if I win.",c2_f0_b0,cot_basis,2.0,0.0,0.0
8,1,6,6.0,0.0,1.0,2.0,"In this first-price auction, if I bid below my value I may lose a profitable win; if I bid above my value I risk winning and paying more than the item is worth. If I bid at my value, I stay safe from overpaying while still having a chance to win. I ignore the other bidders and use only my own value and the rule.",c2_f0_b0,cot_basis,2.0,0.0,0.0
8,2,15,15.0,0.0,1.0,5.0,"In this first-price auction, if I bid below my value I may keep a positive gain when I win, but if I bid too high I can win and pay too much. If I bid exactly my value, winning gives me no gain and losing is safe. I ignore the other bidders and use my own value plus the rule. A simple safe choice is to bid at my value.",c2_f0_b0,cot_basis,2.0,0.0,0.0
9,0,48,47.0,-1.0,0.9791666666666666,15.0,"In a first-price auction, if I bid below my value and win, I keep more surplus; if I bid above my value and win, I risk paying more than the item is worth. If I bid too low, I may lose a profitable win. Using only my own value and the rule, a quick safe choice is to bid somewhat below 48 to balance winning and payment, without overthinking others.",c2_f0_b0,cot_basis,2.0,0.0,0.0
9,1,19,15.0,-4.0,0.7894736842105263,2.333333333333334,"In this first-price auction, if I bid below my value I may keep more money when I win, but if I bid too low I can lose a profitable win. If I bid above my value, I risk winning and paying more than the prize is worth. Since I only use my own value and the visible rule, a simple safe choice is to bid somewhat below 19 while staying competitive. I stop after this quick contingent check.",c2_f0_b0,cot_basis,2.0,0.0,0.0
9,2,39,31.0,-8.0,0.7948717948717948,5.0,"In this first-price auction, if I bid below my value I may keep more money when I win, but if I bid too low I could lose a profitable item; if I bid above my value and win, I risk paying more than the item is worth to me. Since I only use my own value and the visible rule, I choose a simple safe bid below 39 that still feels competitive.",c2_f0_b0,cot_basis,2.0,0.0,0.0
0,0,48,38.4,-9.600000000000001,0.7999999999999999,6.399999999999999,"In this first-price auction, if I bid below my value I might lose a profitable win, and if I bid above my value I could win but risk paying too much. Since others could bid low, medium, or high, I use a simple cautious bid below my value to keep some safety while still staying competitive. I stop after this quick contingent check.",c2_f0_b1,cot_basis,2.0,0.0,1.0
0,1,18,12.0,-6.0,0.6666666666666666,0.0,"In this first-price auction, if I bid below my value I may lose a profitable win, but if I bid too high and win I pay my own bid, which can cut into earnings. With a value of 18, a bid near but below 18 feels safest. Others could bid low, medium, or high, so I keep it simple and slightly cautious.",c2_f0_b1,cot_basis,2.0,0.0,1.0
0,2,47,46.9,-0.10000000000000142,0.9978723404255319,15.566666666666666,"In this first-price auction, if I bid below my value I may lose a profitable win, and if I bid above my value I risk winning but paying too much. If I bid my value, I may win or lose depending on others, but it feels like the safest simple anchor. Others could be low, medium, or high, so I keep the bid close to my value with a small cautious shade below it.",c2_f0_b1,cot_basis,2.0,0.0,1.0
1,0,12,8.0,-4.0,0.6666666666666666,0.0,"In this first-price auction, if I bid below my value I may win and keep some profit, but if I bid too high I can win and pay too much. If I bid above my value, winning would be bad because I’d pay more than $12. If I bid too low, I might lose to bidders who are low, medium, or high. With only a rough belief about others, I choose a cautious bid below my value that still feels competitive.",c2_f0_b1,cot_basis,2.0,0.0,1.0
1,1,28,22.0,-6.0,0.7857142857142857,3.3333333333333357,"In this first-price auction, if I bid below my value I may lose a profitable win, and if I bid above my value I could win but pay more than the item is worth. Bidding at my value is too aggressive here because I would pay the full amount if I win. Others could bid low, medium, or high, so I keep a simple, slightly cautious bid below my value.",c2_f0_b1,cot_basis,2.0,0.0,1.0
1,2,2,2.0,0.0,1.0,0.6666666666666667,"In this first-price auction, if I bid below my value I may lose a small profitable win, but if I bid above my value and win, I can pay more than the item is worth. If I bid at my value, I stay safe from overpaying while still having a chance to win. Others could bid low, medium, or high, so I keep it simple and cautious at my value.",c2_f0_b1,cot_basis,2.0,0.0,1.0
2,0,9,6.0,-3.0,0.6666666666666666,0.0,"In this first-price auction, if I bid below my value I may lose a profitable win, and if I bid above my value I could win but risk paying too much. If I bid around my value, I keep the win/lose choice simple and avoid obvious overbidding. Others could bid low, medium, or high, so I stay a bit cautious rather than aggressive.",c2_f0_b1,cot_basis,2.0,0.0,1.0
2,1,37,28.0,-9.0,0.7567567567567568,3.3333333333333357,"In this first-price auction, if I bid below my value I may still win and keep some profit, but if I bid too high I risk shrinking that profit. If I bid above my value, winning could be bad because I would pay more than the prize is worth. Others could bid low, medium, or high, so I stay somewhat competitive but not reckless. A simple cautious bid below 37 feels safest while still giving a good chance to win.",c2_f0_b1,cot_basis,2.0,0.0,1.0
2,2,30,24.0,-6.0,0.8,4.0,"In this first-price auction, if I bid below my value I may lose when winning would still be profitable, and if I bid above my value I risk winning but paying too much. Since I only need a quick bounded choice and others could bid low, medium, or high, I use a simple cautious bid below my value but still competitive.",c2_f0_b1,cot_basis,2.0,0.0,1.0
3,0,2,1.5,-0.5,0.75,0.16666666666666674,"In this first-price auction, if I bid below my value I may lose a small profitable win, but if I bid above my value and win I could pay more than $2. Since I only need a simple, safe choice and others could bid low, medium, or high, I keep my bid a bit below my value to avoid overpaying while still staying competitive.",c2_f0_b1,cot_basis,2.0,0.0,1.0
3,1,48,44.0,-4.0,0.9166666666666666,12.0,"In this first-price auction, if I bid below my value I may win and keep some profit, but if I bid too low I could lose to another bidder. If I bid above my value, I risk winning and paying more than the item is worth. Others could bid low, medium, or high, so I stay competitive but not reckless. A simple bid a bit below my value feels safe enough.",c2_f0_b1,cot_basis,2.0,0.0,1.0
3,2,25,25.0,0.0,1.0,8.333333333333336,"In this first-price auction, if I bid below my value I may lose a profitable win; if I bid above my value and win, I can pay too much. If I bid at my value, I am safe from overpaying in the win case and still competitive. Others could bid low, medium, or high, so I keep it simple and moderately cautious.",c2_f0_b1,cot_basis,2.0,0.0,1.0
4,0,24,16.0,-8.0,0.6666666666666666,0.0,"In this first-price auction, if I bid below my value I might keep a profit if I win, but I could also lose to a slightly higher bid. If I bid above my value, I risk winning and paying more than the prize is worth. Since others could bid low, medium, or high, I want a simple cautious bid below 24 that still has a decent chance to win. I’ll stay a bit conservative and avoid overbidding.",c2_f0_b1,cot_basis,2.0,0.0,1.0
4,1,12,9.0,-3.0,0.75,1.0,"In this first-price auction, if I bid below my value I may still win and keep some profit, but if I bid too low I could lose a profitable item. If I bid above my value and win, I risk paying more than it is worth to me. With other bidders possibly low, medium, or high, a simple cautious bid a bit below my value feels safe.",c2_f0_b1,cot_basis,2.0,0.0,1.0
4,2,18,12.0,-6.0,0.6666666666666666,0.0,"In this first-price auction, if I bid below my value I may win and keep some profit, but if I bid too low I could lose to another bidder. If I bid above my value, I might win and overpay, which is bad. Since others could bid low, medium, or high, I’ll choose a cautious bid below 18 that still feels competitive without pushing too close to my value.",c2_f0_b1,cot_basis,2.0,0.0,1.0
5,0,34,26.0,-8.0,0.7647058823529411,3.3333333333333357,"In this first-price auction, if I bid below my value I may lose a profitable win, while if I bid above my value I could win but risk paying too much. Since I only need a quick bounded choice, I use a simple cautious bid below my $34 value. Other bidders could be low, medium, or high, so I stay competitive without going too close to my value.",c2_f0_b1,cot_basis,2.0,0.0,1.0
5,1,28,22.0,-6.0,0.7857142857142857,3.3333333333333357,"In this first-price auction, if I bid below my value I may lose a profitable win, and if I bid above my value I could win but pay more than the item is worth. Bidding at my value is too aggressive here because I would pay the full amount if I win. Others could bid low, medium, or high, so I keep a simple, slightly cautious bid below my value.",c2_f0_b1,cot_basis,2.0,0.0,1.0
5,2,37,28.0,-9.0,0.7567567567567568,3.3333333333333357,"In this first-price auction, if I bid below my value I may win cheaply, but if I bid too low I could lose a profitable item. If I bid above my value, I might win and overpay, which feels unsafe. Since others could bid low, medium, or high, I want a simple cautious bid that is still competitive. I’ll stay below my value and choose a moderate bid that keeps some gain if I win.",c2_f0_b1,cot_basis,2.0,0.0,1.0
6,0,23,18.5,-4.5,0.8043478260869565,3.166666666666668,"In this first-price auction, if I bid below my value I may keep more profit when I win, but I could also lose to bidders who are a bit higher. If I bid above my value, I risk winning and paying too much. Since others could bid low, medium, or high, I’ll use a simple cautious bid below 23 that still looks competitive.",c2_f0_b1,cot_basis,2.0,0.0,1.0
6,1,1,1.0,0.0,1.0,0.33333333333333337,"In this first-price auction, if I bid below my value I may lose a chance to win when others bid low, but if I bid above my value I risk winning and paying more than $1. Since the payment is my own bid, the safe choice is to stay at or below my value. Others could bid low, medium, or high, so I keep it simple and cautious with a small bid near my value.",c2_f0_b1,cot_basis,2.0,0.0,1.0
6,2,42,28.0,-14.0,0.6666666666666666,0.0,"In this first-price auction, if I bid below my value and win, I keep more surplus; if I bid too high, I risk winning but paying too much. If I bid exactly my value, I break even when I win, so that feels safe but not aggressive. Others could bid low, medium, or high, so I want a simple moderately competitive bid that still leaves some gain if I win.",c2_f0_b1,cot_basis,2.0,0.0,1.0
7,0,26,19.5,-6.5,0.75,2.166666666666668,"In this first-price auction, if I bid below my value and win, I keep more surplus, but if I bid too low I may lose when others bid medium or high. If I bid above my value, I could win but risk paying more than the prize is worth. With only rough beliefs about the other two bidders, I want a simple, moderately safe bid below my value that still feels competitive.",c2_f0_b1,cot_basis,2.0,0.0,1.0
7,1,35,26.0,-9.0,0.7428571428571429,2.666666666666668,"In this first-price auction, if I bid below my value I may keep more profit when I win, but if I bid too low I could lose to a medium or high rival bid and miss a good win. If I bid above my value, I risk winning and paying too much. With a rough belief that Andy and Charles could bid low, medium, or high, I want a simple cautious bid below 35 but still competitive. I’ll choose a bid that feels safe and likely to stay in the running.",c2_f0_b1,cot_basis,2.0,0.0,1.0
7,2,12,8.0,-4.0,0.6666666666666666,0.0,"In this first-price auction, if I bid below my value I may still win and keep some surplus, but if I bid too low I could lose to others and get nothing. If I bid above my value, I might win but risk paying more than the prize is worth. Others could bid low, medium, or high, so I choose a simple cautious bid below my value but still competitive.",c2_f0_b1,cot_basis,2.0,0.0,1.0
8,0,46,46.0,0.0,1.0,15.333333333333336,"In this first-price auction, if I bid below my value I may lose a profitable win, and if I bid above my value I risk winning but paying too much. If I bid equal to my value, I break even when I win, which is the safest simple choice. Others could bid low, medium, or high, so I keep it straightforward and slightly cautious.",c2_f0_b1,cot_basis,2.0,0.0,1.0
8,1,6,4.8,-1.2000000000000002,0.7999999999999999,0.7999999999999998,"In this first-price auction, if I bid below my value I may keep more money when I win, but if I bid too low I could lose a profitable item. If I bid above my value, I might win and pay more than the prize is worth. Others could bid low, medium, or high, so I want a simple cautious bid below 6 but still competitive.",c2_f0_b1,cot_basis,2.0,0.0,1.0
8,2,15,15.0,0.0,1.0,5.0,"In this first-price auction, if I bid below my value I may lose a profitable win, while if I bid above my value I can win but risk paying too much. Since I only need a quick, simple choice and others could bid low, medium, or high, I’ll stay a bit cautious but still competitive. A bid near my value feels like the safest immediate move.",c2_f0_b1,cot_basis,2.0,0.0,1.0
9,0,48,38.4,-9.600000000000001,0.7999999999999999,6.399999999999999,"In this first-price auction, if I bid below my value I might lose a profitable win, and if I bid above my value I could win but risk paying too much. Since others could bid low, medium, or high, I use a simple cautious bid below my value to keep some safety while still staying competitive. I stop after this quick contingent check.",c2_f0_b1,cot_basis,2.0,0.0,1.0
9,1,19,14.0,-5.0,0.7368421052631579,1.333333333333334,"In this first-price auction, if I bid below my value I may lose a profitable win, and if I bid above my value I risk winning but paying too much. Since I only need a quick safe choice and others could bid low, medium, or high, I should stay somewhat below my value to keep positive payoff if I win. I will use a simple cautious bid rather than overthinking it.",c2_f0_b1,cot_basis,2.0,0.0,1.0
9,2,39,31.0,-8.0,0.7948717948717948,5.0,"In this first-price auction, if I bid below my value I may lose a profitable win, and if I bid too high I risk paying too much if I win. With value 39, I should stay safely below it but still competitive. Others could bid low, medium, or high, so I choose a simple moderate bid that feels safe and still has a chance to win.",c2_f0_b1,cot_basis,2.0,0.0,1.0
0,0,48,36.0,-12.0,0.75,4.0,"In this first-price auction, if I bid below my value I may keep more profit when I win, but if I shade too much I could lose to bidders who bid aggressively. If I bid above my value, winning could make me pay more than the prize is worth. Since others may shade or bid near value, I want a strong but not extreme bid that feels safe while still competitive.",c2_f0_b2,cot_basis,2.0,0.0,2.0
0,1,18,14.5,-3.5,0.8055555555555556,2.5,"In this first-price auction, if I bid below my value and win, I keep more surplus; if I bid above my value and win, I risk paying more than the item is worth. If I bid too low, I may lose to bidders who shade less or bid truthfully. Since other bidders may shade or overbid a bit, I choose a cautious bid below 18 that still looks competitive.",c2_f0_b2,cot_basis,2.0,0.0,2.0
0,2,47,42.0,-5.0,0.8936170212765957,10.666666666666668,"In this first-price auction, if I bid below my value and win, I keep more surplus, but if I bid too low I may lose to others. If I bid above my value, I risk winning and paying more than the prize is worth. Other bidders may shade or bid near value, so a moderately aggressive bid feels safer than a big discount. I’ll choose a bid a bit below 47 to balance winning chance and payment, without overthinking the future.",c2_f0_b2,cot_basis,2.0,0.0,2.0
1,0,12,9.6,-2.4000000000000004,0.7999999999999999,1.5999999999999996,"In this first-price auction, if I bid below my value I may lose a profitable win, and if I bid above my value I risk winning but paying more than the item is worth. Since others may shade or overbid a bit, I want a safe bid below 12 but still competitive. I’ll keep it simple and choose a moderate bid that feels likely to compete without crossing my value.",c2_f0_b2,cot_basis,2.0,0.0,2.0
1,1,28,19.6,-8.399999999999999,0.7000000000000001,0.9333333333333371,"In this first-price auction, if I bid below my value I may lose a profitable win, but if I bid too high and win I reduce my payoff because I pay my own bid. Since others may shade their bids or make mistakes, I want a bid that feels safe and competitive without going all the way to my value. I’ll use a moderate shade from 28 to stay in the game while keeping some margin if I win.",c2_f0_b2,cot_basis,2.0,0.0,2.0
1,2,2,1.9,-0.10000000000000009,0.95,0.5666666666666667,"In this first-price auction, if I bid below my value I may lose a profitable win, if I bid equal to my value I risk zero profit if I win, and if I bid above my value I can win and pay more than the prize is worth. Other bidders may shade or overbid, but I should keep the bid safely below my value while still being competitive. A simple bounded choice is to bid a little under 2.",c2_f0_b2,cot_basis,2.0,0.0,2.0
2,0,9,6.0,-3.0,0.6666666666666666,0.0,"In this first-price auction, if I bid below my value I may lose when I could have won profitably; if I bid above my value I risk winning but paying more than $9. Since other bidders may shade or bid close to value, a simple safe choice is to bid a bit below my value to keep some profit while staying competitive. I’ll use a quick, cautious bid near the middle of that range.",c2_f0_b2,cot_basis,2.0,0.0,2.0
2,1,37,29.4,-7.600000000000001,0.7945945945945946,4.733333333333334,"In this first-price auction, if I bid below my value I may keep a positive profit when I win, but if I bid too low I might lose to bidders who shade less or overbid. If I bid above my value, I risk winning and paying more than the prize is worth to me. Since others may shade or bid near value, a safe middle bid feels best while staying below 37. I’ll choose a simple bid that leaves room for profit but still looks competitive.",c2_f0_b2,cot_basis,2.0,0.0,2.0
2,2,30,20.0,-10.0,0.6666666666666666,0.0,"In this first-price auction, if I bid below my value I may lose a profitable win, while if I bid above my value I risk winning but paying too much. Since other bidders may shade or overbid, I want a bid that feels safe but still competitive. With value 30 and only one round, I’ll use a simple moderate shade rather than overthinking later effects.",c2_f0_b2,cot_basis,2.0,0.0,2.0
3,0,2,1.4,-0.6000000000000001,0.7,0.06666666666666665,"In this first-price auction, if I bid below my value I may lose a profitable win, while if I bid above my value I risk winning and paying more than the item is worth. Since I only need a quick safe choice and other bidders may shade or overbid a little, I keep my bid below value but close enough to remain competitive.",c2_f0_b2,cot_basis,2.0,0.0,2.0
3,1,48,47.0,-1.0,0.9791666666666666,15.0,"In this first-price auction, if I bid below my value I may lose a profitable win, and if I bid above my value I risk paying more than the item is worth if I win. Since other bidders may shade or bid cautiously, a bid a bit below my value feels safe while still competitive. I’ll use that simple contingency check and keep the bid close to my value without going over it.",c2_f0_b2,cot_basis,2.0,0.0,2.0
3,2,25,16.7,-8.3,0.6679999999999999,0.03333333333333499,"In this first-price auction, if I bid below my value I may lose a profitable win, while if I bid above my value I can win but risk paying too much. Since other bidders may shade or bid cautiously, a moderate bid feels safest rather than going all the way to 25. I’ll use a simple contingent check: below value can miss wins, above value can overpay if I win, so I choose a bid that stays comfortably under my value while still competitive.",c2_f0_b2,cot_basis,2.0,0.0,2.0
4,0,24,18.0,-6.0,0.75,2.0,"In this first-price auction, if I bid below my value I may keep more money when I win, but I also risk losing to bidders who shade or bid aggressively. If I bid above my value, I could win and overpay, which feels unsafe. Since others may not bid truthfully and I only need one round, a moderate bid below 24 seems like the simple protected choice.",c2_f0_b2,cot_basis,2.0,0.0,2.0
4,1,12,12.0,0.0,1.0,4.0,"In this first-price auction, if I bid below my value I may lose a profitable win, and if I bid above my value I risk winning but paying too much. If I bid exactly at my value, I stay safe from overpaying while still being competitive. Other bidders may shade or bid near values, so a simple moderate bid feels safest without overthinking.",c2_f0_b2,cot_basis,2.0,0.0,2.0
4,2,18,12.0,-6.0,0.6666666666666666,0.0,"In this first-price auction, if I bid below my value I may lose a profitable win, while if I bid above my value and win I can pay too much. Since other bidders may shade or overbid, I want a simple safe bid that still has a good chance to win without pushing past my value. I’ll stay below 18 and choose a moderate bid.",c2_f0_b2,cot_basis,2.0,0.0,2.0
5,0,34,27.2,-6.800000000000001,0.7999999999999999,4.533333333333335,"In this first-price auction, if I bid below my value I may keep more money when I win, but if I bid too low I can lose to other bidders and get nothing. If I bid above my value, I risk winning and paying more than the prize is worth to me. Since other bidders may shade or bid cautiously, a moderate bid feels safest. I will stay below my value but not too low.",c2_f0_b2,cot_basis,2.0,0.0,2.0
5,1,28,19.6,-8.399999999999999,0.7000000000000001,0.9333333333333371,"In this first-price auction, if I bid below my value I may lose a profitable win, but if I bid too high and win I reduce my payoff because I pay my own bid. Since others may shade their bids or make mistakes, I want a bid that feels safe and competitive without going all the way to my value. I’ll use a moderate shade from 28 to stay in the game while keeping some margin if I win.",c2_f0_b2,cot_basis,2.0,0.0,2.0
5,2,37,29.5,-7.5,0.7972972972972973,4.833333333333336,"In this first-price auction, if I bid below my value I may lose even when winning would still leave me positive, while if I bid above my value I risk winning and paying more than the item is worth. Since other bidders may shade or overbid, I want a bid that feels safe but still competitive. With value 37, a moderate shade keeps some profit if I win without pushing too close to my value.",c2_f0_b2,cot_basis,2.0,0.0,2.0
6,0,23,18.4,-4.600000000000001,0.7999999999999999,3.0666666666666664,"In this first-price auction, if I bid below my value I may lose a profitable win, while if I bid above my value I risk winning and paying more than the item is worth. Since other bidders may shade or overbid a bit, I want a bid that feels safe but still competitive. I’ll stay below my value and choose a simple moderate shade.",c2_f0_b2,cot_basis,2.0,0.0,2.0
6,1,1,0.4,-0.6,0.4,-0.2666666666666666,"In this first-price auction, if I bid above my value I might win and pay more than the prize is worth, which feels unsafe. If I bid below my value, I may lose, but with a value of only $1 and other bidders possibly bidding truthfully or near truthfully, that seems the safer contingency. Since I only care about this round and should keep the reasoning simple, I’ll shade down a bit to reduce overpay risk while still having a chance if others bid low.",c2_f0_b2,cot_basis,2.0,0.0,2.0
6,2,42,41.9,-0.10000000000000142,0.9976190476190476,13.899999999999999,"In this first-price auction, if I bid below my value of 42, I may lose when I could have won profitably; if I bid above 42, I risk winning but paying more than my value. Since other bidders may shade or overbid, a bid near my value feels safest for balancing win chances and payment. I’ll keep the bid simple and close to my value without going over.",c2_f0_b2,cot_basis,2.0,0.0,2.0
7,0,26,19.5,-6.5,0.75,2.166666666666668,"In this first-price auction, if I bid below my value I may lose when I could have won profitably; if I bid above my value I risk winning and paying more than the item is worth. Since other bidders may shade or bid near value, a simple safe choice is to bid below 26 but not too low. I’ll use a moderate bid that keeps some profit if I win and still looks competitive.",c2_f0_b2,cot_basis,2.0,0.0,2.0
7,1,35,27.5,-7.5,0.7857142857142857,4.166666666666668,"In this first-price auction, if I bid below my value I may keep more profit when I win, but if I bid too low I could lose to bidders who shade less or bid more aggressively. If I bid above my value, I risk winning and paying more than the item is worth to me. Since others may bid somewhere near their values or shade a bit, a moderate bid feels safest. I’ll stay below my value but not too low.",c2_f0_b2,cot_basis,2.0,0.0,2.0
7,2,12,9.6,-2.4000000000000004,0.7999999999999999,1.5999999999999996,"In this first-price auction, if I bid below my value I may lose a profitable win, while if I bid above my value I can win but risk paying too much. Since other bidders may shade or bid near value, a moderate bid feels safest without overcommitting. I’ll stay below 12 and choose a simple round bid.",c2_f0_b2,cot_basis,2.0,0.0,2.0
8,0,46,41.0,-5.0,0.8913043478260869,10.333333333333336,"In this first-price auction, if I bid below my value I may keep more money when I win, but if I bid too low I can lose to bidders who shade less or overbid. If I bid above my value, I risk winning and paying more than the prize is worth. Other bidders may shade their bids, but they also want to avoid losing. A simple safe choice is to bid somewhat below 46 while staying competitive.",c2_f0_b2,cot_basis,2.0,0.0,2.0
8,1,6,5.0,-1.0,0.8333333333333334,1.0,"In this first-price auction, if I bid below my value I may lose a profitable win, if I bid above my value and win I risk paying more than the prize is worth, and if I bid near my value I keep the loss risk small. Other bidders may shade or overbid, so a simple safe move is to bid a bit below my value rather than chase them. I stop at this quick contingent judgment.",c2_f0_b2,cot_basis,2.0,0.0,2.0
8,2,15,12.0,-3.0,0.8,2.0,"In this first-price auction, if I bid below my value I may lose a profitable win, and if I bid above my value I risk winning but paying too much. Since other bidders may shade or bid cautiously, a simple safe bid is to stay below my $15 value but still competitive. I’ll use a moderate bid that keeps some profit if I win without overreaching.",c2_f0_b2,cot_basis,2.0,0.0,2.0
9,0,48,36.0,-12.0,0.75,4.0,"In this first-price auction, if I bid below my value I may keep more profit when I win, but if I shade too much I could lose to bidders who bid aggressively. If I bid above my value, winning could make me pay more than the prize is worth. Since others may shade or bid near value, I want a strong but not extreme bid that feels safe while still competitive.",c2_f0_b2,cot_basis,2.0,0.0,2.0
9,1,19,15.0,-4.0,0.7894736842105263,2.333333333333334,"In this first-price auction, if I bid below my value I may lose a profitable win, and if I bid above my value I can win but risk paying too much. Since other bidders may shade or bid near value, a moderate bid feels safest rather than pushing too high. I’ll stay a bit below my value to keep some profit if I win, while still being competitive.",c2_f0_b2,cot_basis,2.0,0.0,2.0
9,2,39,31.2,-7.800000000000001,0.7999999999999999,5.199999999999999,"In this first-price auction, if I bid below my value I may still win and keep some surplus, but if I bid too low I can lose to bidders who shade less or bid aggressively. If I bid above my value, I risk winning at a loss, which is bad. Other bidders may shade or bid near value, so a moderately cautious bid feels safest. I’ll keep the bid below 39 but high enough to stay competitive.",c2_f0_b2,cot_basis,2.0,0.0,2.0
0,0,48,32.0,-16.0,0.6666666666666666,0.0,"In this first-price auction, if I bid below my value I may lose a profitable win; if I bid above my value and win, I could create a loss because I pay my own bid. I look one step ahead: winning gives value 48 minus my bid, losing gives 0. So I want a bid that can win without obviously risking a negative payoff. I ignore the other bidders and use only my own value and the payment rule.",c2_f1_b0,cot_basis,2.0,1.0,0.0
0,1,18,18.0,0.0,1.0,6.0,"In a first-price auction, if I bid below my value I might lose and get zero, while if I bid above my value and win I could create a loss. If I bid exactly my value, winning gives about zero profit and losing gives zero, so it avoids obvious loss. I ignore what the other bidders do and only use my own value and the rule. One step ahead, the safest self-focused bid is my value, 18, in 0.1 increments.",c2_f1_b0,cot_basis,2.0,1.0,0.0
0,2,47,46.9,-0.10000000000000142,0.9978723404255319,15.566666666666666,"In this first-price auction, if I bid below my value and win, my payoff is value minus bid, which is positive as long as the bid stays under 47. If I bid above my value and win, I would create a loss, so that is bad. If I bid exactly my value, winning gives zero and losing gives zero. One-step planning says I should avoid an obvious loss while still staying competitive, so I bid slightly below my value. I ignore the other bidders and only use my own value and the rule.",c2_f1_b0,cot_basis,2.0,1.0,0.0
1,0,12,8.0,-4.0,0.6666666666666666,0.0,"In this first-price auction, if I bid below my value I may win with a positive gain, but if I bid too high I can win and create a loss because I pay my own bid. If I lose, my payoff is zero; if I win, my payoff is value minus bid. One-step planning says I should avoid an obvious loss and still leave some gain. Ignoring other bidders, a moderate bid below 12 is best for my value of 12.",c2_f1_b0,cot_basis,2.0,1.0,0.0
1,1,28,27.5,-0.5,0.9821428571428571,8.833333333333336,"In this first-price auction, I compare three contingencies for my own value of 28: if I bid below 28 and win, I keep positive profit; if I bid above 28 and win, I risk paying more than my value and losing money; if I bid equal to 28, winning gives about zero profit. I only look one step ahead and ignore what the other bidders do. To avoid an obvious loss while still having a chance to win, I should bid a bit below my value.",c2_f1_b0,cot_basis,2.0,1.0,0.0
1,2,2,2.0,0.0,1.0,0.6666666666666667,"In this first-price auction, if I bid below my value, I may lose and get zero even when winning would have given me positive payoff. If I bid above my value, I could win and pay more than my value, creating a loss. If I bid at my value, winning gives about zero payoff and losing gives zero, so it is the safest one-step choice. I ignore the other bidders and only use my own value and the rule.",c2_f1_b0,cot_basis,2.0,1.0,0.0
2,0,9,8.9,-0.09999999999999964,0.9888888888888889,2.9000000000000004,"In this first-price auction, I compare three contingencies using only my value of 9. If I bid below 9 and win, I keep a positive payoff; if I bid above 9 and win, I risk paying more than my value and getting a loss; if I bid exactly 9, winning gives about zero payoff. One step ahead, I want a bid that can win without obviously creating a loss, so I shade below my value. I ignore the other bidders and use only my own value and the payment rule.",c2_f1_b0,cot_basis,2.0,1.0,0.0
2,1,37,29.5,-7.5,0.7972972972972973,4.833333333333336,"In this first-price auction, if I bid below my value I may win with positive profit, but if I bid too high I could win and pay too much. If I lose, my payoff is zero; if I win, my payoff is value minus my bid. I only look one step ahead and ignore other bidders’ likely bids. To avoid an obvious loss while still being competitive, I should bid somewhat below my value rather than at it.",c2_f1_b0,cot_basis,2.0,1.0,0.0
2,2,30,30.0,0.0,1.0,10.0,"In a first-price auction, if I bid below my value I may win and keep positive surplus, while if I bid above my value I could win and create a loss. If I bid exactly my value, winning gives zero profit and losing gives zero. Looking one step ahead, the safest choice is to avoid bidding above 30 and to stay near my value without creating an obvious loss. I ignore the other bidders and use only my value and the payment rule.",c2_f1_b0,cot_basis,2.0,1.0,0.0
3,0,2,1.9,-0.10000000000000009,0.95,0.5666666666666667,"In this first-price auction, I compare three contingencies using only my value of 2. If I bid below 2, I might lose and get zero, which is safe but may forgo a small positive gain. If I bid equal to 2, winning gives payoff 0, so it is not attractive. If I bid above 2, winning would create a loss, so I should avoid that. One-step planning says I should choose a bid that can win only if the payment stays below my value, so I shade below 2 and avoid obvious loss.",c2_f1_b0,cot_basis,2.0,1.0,0.0
3,1,48,47.9,-0.10000000000000142,0.9979166666666667,15.899999999999999,"In this first-price auction, if I bid below my value and win, my payoff is value minus bid, which is positive. If I bid equal to my value and win, my payoff is about zero. If I bid above my value, I could win and create a loss, so I should avoid that. Looking one step ahead, I want a bid that can still win without obviously risking a negative payoff. I ignore the other bidders and use only my value and the rule.",c2_f1_b0,cot_basis,2.0,1.0,0.0
3,2,25,16.7,-8.3,0.6679999999999999,0.03333333333333499,"In this first-price auction, I compare three contingencies using only my value of 25. If I bid below 25 and win, my payoff is value minus bid, which is positive; if I bid above 25 and win, I would risk a negative payoff; if I bid too low and lose, my payoff is 0. One-step planning says I should avoid obvious loss while still having a chance to win. A cautious bid below my value fits this rule.",c2_f1_b0,cot_basis,2.0,1.0,0.0
4,0,24,16.0,-8.0,0.6666666666666666,0.0,"In this first-price auction, if I bid below my value I may win and keep a positive gain, but if I bid too high I could win and reduce my payoff. If I lose, my payoff is zero. Since I only look one step ahead and ignore other bidders’ likely bids, I want a bid that is safely below my value while still competitive. A moderate bid gives a positive win payoff and avoids obvious loss from bidding too aggressively.",c2_f1_b0,cot_basis,2.0,1.0,0.0
4,1,12,12.0,0.0,1.0,4.0,"In this first-price auction, if I bid below my value, I may win with a positive payoff equal to value minus bid. If I bid above my value, I could win but create a loss because payment would exceed my value. If I bid at my value, winning would give about zero profit, so that is the safest direct choice under my one-step, self-focused reasoning. I ignore other bidders and only use my own value and the rule.",c2_f1_b0,cot_basis,2.0,1.0,0.0
4,2,18,18.0,0.0,1.0,6.0,"In this first-price auction, I compare three contingencies using only my value of 18. If I bid below 18 and win, I keep a positive payoff; if I bid above 18 and win, I risk paying more than my value and losing money; if I bid exactly 18, winning gives about zero profit but avoids an obvious loss. I look one step ahead and avoid bids that would clearly create a loss if I win. I ignore other bidders and focus only on my own value and the payment rule.",c2_f1_b0,cot_basis,2.0,1.0,0.0
5,0,34,22.0,-12.0,0.6470588235294118,-0.6666666666666643,"In this first-price auction, if I bid below my value and win, I keep positive profit equal to value minus bid; if I bid above my value and win, I risk a loss because payment exceeds value; if I bid too low, I may lose and get zero. Looking one step ahead, I want a bid that can win without obviously creating a loss. I ignore the other bidders and use only my value and the rule. A moderate bid below 34 balances winning and payment.",c2_f1_b0,cot_basis,2.0,1.0,0.0
5,1,28,27.5,-0.5,0.9821428571428571,8.833333333333336,"In this first-price auction, I compare three contingencies for my own value of 28: if I bid below 28 and win, I keep positive profit; if I bid above 28 and win, I risk paying more than my value and losing money; if I bid equal to 28, winning gives about zero profit. I only look one step ahead and ignore what the other bidders do. To avoid an obvious loss while still having a chance to win, I should bid a bit below my value.",c2_f1_b0,cot_basis,2.0,1.0,0.0
5,2,37,24.0,-13.0,0.6486486486486487,-0.6666666666666643,"In this first-price auction, if I bid below my value, I may win and keep positive profit, but if I bid too high I risk shrinking that profit. If I bid above my value, winning would create a loss, so that is bad. If I bid too low, I may still win with a good margin, but I stop after this one-step check and avoid obvious loss. With value 37, a moderate bid below 37 is safest under my limited planning.",c2_f1_b0,cot_basis,2.0,1.0,0.0
6,0,23,22.9,-0.10000000000000142,0.9956521739130434,7.566666666666666,"In this first-price auction, if I bid below my value, I may win and keep a positive profit, but if I bid too high I could win and reduce or erase that profit. If I bid exactly my value, winning gives zero profit and losing gives zero, so it is safe but not profitable. Since I only look one step ahead and ignore other bidders’ behavior, I choose a bid slightly below my value to avoid an obvious loss while still leaving some gain if I win.",c2_f1_b0,cot_basis,2.0,1.0,0.0
6,1,1,1.0,0.0,1.0,0.33333333333333337,"In this first-price auction, I compare three contingencies: if I bid below my value, I may lose and get nothing; if I bid at my value, winning would give about zero profit; if I bid above my value, I risk a loss if I win because I would pay more than $1. I only look one step ahead and ignore other bidders’ behavior. So I should avoid bidding above $1 and choose a bid that keeps me safe from obvious loss.",c2_f1_b0,cot_basis,2.0,1.0,0.0
6,2,42,28.0,-14.0,0.6666666666666666,0.0,"In a first-price auction, I compare three contingencies: if I bid below my value and lose, my payoff is 0; if I bid at or above my value and win, my payoff is value minus my bid, so bidding too high can create a loss. One-step planning says I should avoid an obviously negative win. Since I only use my own value and the rule, I choose a bid below 42 that still gives a positive margin if I win.",c2_f1_b0,cot_basis,2.0,1.0,0.0
7,0,26,26.0,0.0,1.0,8.666666666666668,"In this first-price auction, if I bid below my value I may win and keep a positive gain, but if I bid above my value I could win and create a loss. If I bid exactly my value, winning gives zero profit and losing gives zero profit. Looking one step ahead, the safest self-focused choice is to avoid an obvious loss while not overthinking other bidders. I ignore what others may do and use only my own value and the rule.",c2_f1_b0,cot_basis,2.0,1.0,0.0
7,1,35,27.5,-7.5,0.7857142857142857,4.166666666666668,"In this first-price auction, if I bid below my value I may win and keep a positive gain, while if I bid above my value and win I could create a loss. If I bid exactly my value, winning gives zero profit and losing gives zero profit. One step ahead, I want a bid that is safely below 35 but still competitive. I ignore the other bidders’ likely bids and focus only on my own value and the rule.",c2_f1_b0,cot_basis,2.0,1.0,0.0
7,2,12,11.9,-0.09999999999999964,0.9916666666666667,3.9000000000000004,"In this first-price auction, if I bid below my value of 12, I may lose and get zero, while if I win I pay my own bid and keep value minus bid. If I bid above 12, I could win but create a negative payoff because payment exceeds my value. One-step planning says avoid an obvious loss and stay below value. I ignore the other bidders and only use my own value and the rule. A cautious bid slightly below 12 protects against overpaying while still giving a chance to win.",c2_f1_b0,cot_basis,2.0,1.0,0.0
8,0,46,36.8,-9.200000000000003,0.7999999999999999,6.133333333333333,"In this first-price auction, if I bid below my value and win, my payoff is value minus bid, which is positive. If I bid at or above my value and win, the payoff is zero or negative, so that is not attractive. If I bid too low, I may lose and get zero instead of a positive gain. One-step planning suggests bidding somewhat below my value to keep a positive margin while still being competitive. I ignore the other bidders’ likely bids and focus only on my own value and the rule.",c2_f1_b0,cot_basis,2.0,1.0,0.0
8,1,6,5.9,-0.09999999999999964,0.9833333333333334,1.9000000000000004,"In this first-price auction, if I bid below my value I may keep positive profit when I win, but if I bid too high I could win and pay too much. If I bid above 6, winning would create a loss, so I should avoid that. If I bid exactly 6, winning gives about zero profit. If I bid below 6, I can still win only when it seems safe from my own value perspective. I ignore the other bidders and choose a bid that avoids an obvious loss while staying near my value.",c2_f1_b0,cot_basis,2.0,1.0,0.0
8,2,15,10.0,-5.0,0.6666666666666666,0.0,"In this first-price auction, if I bid below my value of 15, I may lose and get zero, even when winning would have given me positive payoff. If I bid above 15, I could win but pay more than my value, creating a loss. So I want a bid below 15 that still gives a positive direct payoff if I win. I ignore the other bidders and only use my own value and the rule. A cautious one-step choice is to bid a bit under my value.",c2_f1_b0,cot_basis,2.0,1.0,0.0
9,0,48,32.0,-16.0,0.6666666666666666,0.0,"In this first-price auction, if I bid below my value I may lose a profitable win; if I bid above my value and win, I could create a loss because I pay my own bid. I look one step ahead: winning gives value 48 minus my bid, losing gives 0. So I want a bid that can win without obviously risking a negative payoff. I ignore the other bidders and use only my own value and the payment rule.",c2_f1_b0,cot_basis,2.0,1.0,0.0
9,1,19,14.5,-4.5,0.7631578947368421,1.833333333333334,"In a first-price auction, if I bid below my value and win, I keep positive profit; if I bid above my value and win, I risk paying more than the item is worth. If I lose, my payoff is zero. One-step planning says I should avoid an obvious loss and choose a bid that could win without going over my value. I ignore the other bidders and only use my own value and the rule.",c2_f1_b0,cot_basis,2.0,1.0,0.0
9,2,39,38.9,-0.10000000000000142,0.9974358974358974,12.899999999999999,"In this first-price auction, if I bid below my value I may win and keep some positive surplus, but if I bid too high I could win and pay too much. If I bid exactly my value, winning would give me zero profit, so that is the upper safe boundary. I only look one step ahead at the direct result of winning or losing and ignore what the other bidders might do. A bid slightly below my value avoids an obvious loss while still allowing a win.",c2_f1_b0,cot_basis,2.0,1.0,0.0
0,0,48,36.0,-12.0,0.75,4.0,"In this first-price auction, if I bid below my value I may lose when winning would still give positive profit, and if I bid above my value I risk winning at a loss. One step ahead: if I win at a plausible payment near my bid, my payoff is value minus bid, so I want a bid that stays safely below 48. Others could bid low, medium, or high, so I should be somewhat competitive but not too aggressive. A moderate bid near my value but below it seems best.",c2_f1_b1,cot_basis,2.0,1.0,1.0
0,1,18,12.0,-6.0,0.6666666666666666,0.0,"In this first-price auction, if I bid below my value, I may lose a profitable win; if I bid above my value, I can win but risk paying too much. If I win, my payoff is value minus my bid, so one-step ahead I want a bid that keeps a positive margin. Others could bid low, medium, or high, so I should be somewhat competitive but cautious. A bid a bit below 18 seems safer than bidding my full value.",c2_f1_b1,cot_basis,2.0,1.0,1.0
0,2,47,31.0,-16.0,0.6595744680851063,-0.33333333333333215,"In this first-price auction, if I bid below my value and win, I keep positive profit; if I bid above my value and win, I risk a loss because I pay my own bid; if I bid too low, I may lose even when winning would have been profitable. One step ahead, I want a bid that is clearly below 47 but still competitive against others who could bid low, medium, or high. A moderate shade below value is the cautious choice.",c2_f1_b1,cot_basis,2.0,1.0,1.0
1,0,12,12.0,0.0,1.0,4.0,"In this first-price auction, if I bid below my value, I may lose and get nothing even when winning would have been profitable. If I bid above my value, I could win and pay more than $12, which would create a loss. If I bid equal to my value, winning gives about zero profit, while losing is harmless. Others could bid low, medium, or high, so I stay cautious and avoid obvious loss while still being competitive.",c2_f1_b1,cot_basis,2.0,1.0,1.0
1,1,28,19.0,-9.0,0.6785714285714286,0.3333333333333357,"In this first-price auction, if I bid below my value I may lose a profitable win, but if I bid too high and win I reduce my payoff because I pay my own bid. I only look one step ahead: winning at a plausible bid gives payoff value minus bid, while losing gives zero. With others possibly bidding low, medium, or high, I should stay competitive but avoid obvious overbidding. A moderate bid below my value seems safest.",c2_f1_b1,cot_basis,2.0,1.0,1.0
1,2,2,2.0,0.0,1.0,0.6666666666666667,"In this first-price auction, if I bid below my value I may lose a profitable win, but if I bid above my value and win, I can create a loss because I pay my own bid. If I bid equal to my value, winning gives about zero profit and losing is safe. Since others could bid low, medium, or high, I should stay cautious and avoid bidding too aggressively. One-step ahead, the direct consequence of winning at my bid should not obviously be negative, so I keep the bid at my value.",c2_f1_b1,cot_basis,2.0,1.0,1.0
2,0,9,6.5,-2.5,0.7222222222222222,0.5,"In this first-price auction, if I bid below my value I may lose a profitable win, but if I bid too high and win I can cut into or erase my profit because I pay my own bid. I only look one step ahead: winning gives value 9 minus my bid, losing gives 0. Others could bid low, medium, or high, so I should stay competitive but leave some margin. A cautious bid a bit below 9 seems reasonable and avoids an obvious loss if I win.",c2_f1_b1,cot_basis,2.0,1.0,1.0
2,1,37,29.5,-7.5,0.7972972972972973,4.833333333333336,"In this first-price auction, if I bid below my value I may lose a profitable win, while if I bid above my value I can win but risk paying too much. I only look one step ahead: if I win, my payoff is value minus my bid; if I lose, payoff is zero. Others could bid low, medium, or high, so I should stay competitive but leave some margin. A bid a bit below my value seems safest for a positive expected gain without overreaching.",c2_f1_b1,cot_basis,2.0,1.0,1.0
2,2,30,20.0,-10.0,0.6666666666666666,0.0,"In this first-price auction, if I bid below my value, I may lose a profitable win; if I bid above my value, I can win but risk paying too much. I only look one step ahead: if I win, my payoff is value minus my bid; if I lose, payoff is zero. Others could bid low, medium, or high, so I want a competitive but cautious bid. A moderate bid below 30 should give a chance to win without creating an obvious loss.",c2_f1_b1,cot_basis,2.0,1.0,1.0
3,0,2,2.0,0.0,1.0,0.6666666666666667,"In this first-price auction, if I bid below my value of 2, I may lose a profitable win; if I bid above 2 and win, I would pay more than my value and create a loss. If I bid about 2, winning gives roughly zero payoff and losing gives zero, so it is the safest one-step choice. Others could bid low, medium, or high, so I stay cautious and avoid overbidding.",c2_f1_b1,cot_basis,2.0,1.0,1.0
3,1,48,47.0,-1.0,0.9791666666666666,15.0,"In this first-price auction, if I bid below my value I may lose a profitable win, but if I bid too high and win, my payoff becomes value minus my own bid. I only look one step ahead: winning at a bid near my value gives little profit, while losing gives zero. Others could bid low, medium, or high, so I stay competitive but leave a small margin below my value to avoid an obvious loss.",c2_f1_b1,cot_basis,2.0,1.0,1.0
3,2,25,18.5,-6.5,0.74,1.8333333333333357,"In this first-price auction, if I bid below my value I may lose a profitable win, while if I bid above my value and win I could create a loss because I pay my own bid. One step ahead, winning at a plausible payment should leave positive earnings, so I want a bid safely below 25. Others could bid low, medium, or high, so I stay moderately competitive without pushing too close to my value.",c2_f1_b1,cot_basis,2.0,1.0,1.0
4,0,24,24.0,0.0,1.0,8.0,"In this first-price auction, if I bid below my value I may lose when winning would have given positive payoff; if I bid above my value I can win but risk paying more than $24 and creating a loss. If I bid exactly $24, I might still win, but then my payoff is about zero, which is safer than overbidding. Others could bid low, medium, or high, so I keep it simple and cautious while still competitive. One-step lookahead says avoid an obvious loss and avoid missing a possible win.",c2_f1_b1,cot_basis,2.0,1.0,1.0
4,1,12,12.0,0.0,1.0,4.0,"In this first-price auction, if I bid below my value, I may lose a profitable win; if I bid above my value, I could win but pay more than $12 and create a loss. If I bid equal to my value, winning gives about zero profit, which is safer than overbidding. Others could bid low, medium, or high, so I should stay cautious and avoid an obvious loss while still being competitive. One step ahead, the direct consequence of winning at my bid should not be negative.",c2_f1_b1,cot_basis,2.0,1.0,1.0
4,2,18,12.0,-6.0,0.6666666666666666,0.0,"In this first-price auction, if I bid below my value I may lose a profitable win, while if I bid above my value and win I can create a loss because I pay my own bid. I only look one step ahead: winning at a bid well below 18 gives positive payoff, but bidding too high risks paying too much. Others could bid low, medium, or high, so I stay moderately competitive but cautious. A bid around the middle of my value should keep me in the game without obviously overpaying.",c2_f1_b1,cot_basis,2.0,1.0,1.0
5,0,34,27.0,-7.0,0.7941176470588235,4.333333333333336,"In this first-price auction, I compare three cases: if I bid below my value, I might lose even when winning would still leave me positive profit; if I bid at my value, I could win but earn zero if I pay my bid; if I bid above my value, I risk winning and paying more than the item is worth. With rough beliefs that others may bid low, medium, or high, I want to stay competitive but keep a cushion. One-step ahead, a bid a bit below value seems safest.",c2_f1_b1,cot_basis,2.0,1.0,1.0
5,1,28,19.0,-9.0,0.6785714285714286,0.3333333333333357,"In this first-price auction, if I bid below my value I may lose a profitable win, but if I bid too high and win I reduce my payoff because I pay my own bid. I only look one step ahead: winning at a plausible bid gives payoff value minus bid, while losing gives zero. With others possibly bidding low, medium, or high, I should stay competitive but avoid obvious overbidding. A moderate bid below my value seems safest.",c2_f1_b1,cot_basis,2.0,1.0,1.0
5,2,37,37.0,0.0,1.0,12.333333333333336,"In this first-price auction, if I bid below my value of 37, I may lose when I could have won profitably; if I bid above 37, I could win but risk paying more than my value and getting a loss. If I bid exactly 37, winning gives about zero profit, while losing gives zero as well. Others could bid low, medium, or high, so I keep it simple and cautious. One-step lookahead says avoid an obvious loss and avoid overbidding my value.",c2_f1_b1,cot_basis,2.0,1.0,1.0
6,0,23,15.0,-8.0,0.6521739130434783,-0.33333333333333215,"In this first-price auction, if I bid below my value I may lose a profitable win, but if I bid too high and win I pay my own bid and can reduce or erase profit. I only look one step ahead: winning gives value 23 minus my bid; losing gives 0. Others could bid low, medium, or high, so I want a cautious competitive bid that still leaves some gain if I win. A moderate bid below 23 seems safest.",c2_f1_b1,cot_basis,2.0,1.0,1.0
6,1,1,0.1,-0.9,0.1,-0.5666666666666667,"In this first-price auction, if I bid below my value I might lose and get nothing, while if I bid above my value and win I would pay more than the prize is worth, creating a loss. With value $1, the safe one-step check is to keep the bid clearly below 1 so winning would not obviously be costly. Others could bid low, medium, or high, so I stay cautious and avoid overbidding.",c2_f1_b1,cot_basis,2.0,1.0,1.0
6,2,42,37.5,-4.5,0.8928571428571429,9.5,"In this first-price auction, if I bid below my value I may still win and keep some profit, but if I bid too low I could lose to a medium or high bidder. If I bid above my value, I could win and create a loss, so I should stay below 42. One step ahead: winning at a bid around the high 30s still leaves positive earnings, while losing gives zero. Others could bid low, medium, or fairly high, so I want a competitive but safe bid.",c2_f1_b1,cot_basis,2.0,1.0,1.0
7,0,26,17.0,-9.0,0.6538461538461539,-0.33333333333333215,"In this first-price auction, if I bid below my value I may lose a profitable win, while if I bid above my value I can win but risk paying more than the item is worth. I only look one step ahead: if I win, my payoff is value minus my bid; if I lose, payoff is zero. Others could bid low, medium, or high, so I want a cautious bid below 26 that still has a good chance to compete.",c2_f1_b1,cot_basis,2.0,1.0,1.0
7,1,35,23.3,-11.7,0.6657142857142857,-0.03333333333333144,"In this first-price auction, if I bid below my value I may lose a profitable win, while if I bid above my value I could win but pay more than the item is worth to me. If I bid equal to my value, winning gives about zero profit and losing is safe. One step ahead, I want a bid that can win without obviously creating a loss. Others could bid low, medium, or high, so I stay somewhat competitive but cautious.",c2_f1_b1,cot_basis,2.0,1.0,1.0
7,2,12,8.0,-4.0,0.6666666666666666,0.0,"In this first-price auction, if I bid below my value I may lose a profitable win, and if I bid too high I can win but pay too much. One step ahead, if I win at a plausible payment near my bid, my payoff is value minus bid, so I want a positive margin. Others could bid low, medium, or high, so I should stay somewhat competitive but cautious. With value 12, a moderate bid around the middle should keep me in the running without obviously creating a loss.",c2_f1_b1,cot_basis,2.0,1.0,1.0
8,0,46,36.0,-10.0,0.782608695652174,5.333333333333336,"In this first-price auction, if I bid below my value I may lose a profitable win, while if I bid above my value I could win but risk paying too much. If I win, my payoff is value minus my bid; if I lose, payoff is zero. One step ahead, a bid a bit below 46 should still leave positive earnings if I win. Others could bid low, medium, or high, so I stay competitive but not too aggressive.",c2_f1_b1,cot_basis,2.0,1.0,1.0
8,1,6,6.0,0.0,1.0,2.0,"In this first-price auction, if I bid below my value I may lose a profitable win, but if I bid above my value and win I can create a loss because I pay my own bid. If I bid equal to 6, winning gives about zero profit, losing gives zero, and it is a simple safe anchor. Others could bid low, medium, or high, so I stay cautious and avoid bidding above value. One-step look: winning at my bid should not obviously lose money.",c2_f1_b1,cot_basis,2.0,1.0,1.0
8,2,15,10.0,-5.0,0.6666666666666666,0.0,"In this first-price auction, if I bid below my value I may lose a profitable win, but if I bid too high I can win and pay close to my bid, reducing or eliminating profit. With value 15, winning at a plausible payment below 15 gives positive earnings; losing gives zero. Others could bid low, medium, or high, so I should stay competitive but avoid obvious loss. One-step lookahead says a bid somewhat below 15 is safer than bidding my full value.",c2_f1_b1,cot_basis,2.0,1.0,1.0
9,0,48,36.0,-12.0,0.75,4.0,"In this first-price auction, if I bid below my value I may lose when winning would still give positive profit, and if I bid above my value I risk winning at a loss. One step ahead: if I win at a plausible payment near my bid, my payoff is value minus bid, so I want a bid that stays safely below 48. Others could bid low, medium, or high, so I should be somewhat competitive but not too aggressive. A moderate bid near my value but below it seems best.",c2_f1_b1,cot_basis,2.0,1.0,1.0
9,1,19,19.0,0.0,1.0,6.333333333333334,"In this first-price auction, if I bid below my value I may lose when winning would have given positive profit, while if I bid above my value I risk winning and paying more than $19, which would create a loss. If I bid exactly my value, I break even if I win, so that is the safest benchmark. Others could bid low, medium, or high, so I stay cautious and do not try to outguess them too much. A bid at my value is the clean one-step choice.",c2_f1_b1,cot_basis,2.0,1.0,1.0
9,2,39,31.0,-8.0,0.7948717948717948,5.0,"In this first-price auction, I compare three contingencies: if I bid below my value and lose, I get 0; if I bid below my value and win, I earn value minus bid; if I bid above my value and win, I risk a negative payoff. One-step ahead, I want a bid that can win without obviously creating a loss. Others could bid low, medium, or high, so I should stay competitive but cautious. With value 39, a moderate shading below value seems reasonable.",c2_f1_b1,cot_basis,2.0,1.0,1.0
0,0,48,47.0,-1.0,0.9791666666666666,15.0,"In this first-price auction, if I bid below my value I may lose a profitable win; if I bid above my value and win, I risk paying more than $48 and creating a loss. If I bid exactly my value, I avoid obvious loss but may earn little or nothing if others shade or bid aggressively. Since other bidders may also shade or make mistakes, I want a competitive but still safe bid one step below value. I stop after this direct win/lose/payment check and do not search further.",c2_f1_b2,cot_basis,2.0,1.0,2.0
0,1,18,18.0,0.0,1.0,6.0,"In this first-price auction, if I bid below my value of 18, I may lose a profitable win; if I bid above 18, I could win but risk paying more than the item is worth. If I bid equal to 18, I break even if I win, so that is the safest direct choice under one-step planning. Other bidders may shade or overbid, but I stay within the mechanism’s payment rule and avoid an obvious loss.",c2_f1_b2,cot_basis,2.0,1.0,2.0
0,2,47,39.2,-7.799999999999997,0.8340425531914895,7.866666666666671,"In this first-price auction, I compare three contingencies: if I bid below my value, I may lose a profitable win; if I bid equal to my value, I might win but earn little or nothing; if I bid above my value, I risk a loss if I win. One step ahead, the direct payoff from winning is value minus bid, so I should keep a positive margin. Other bidders may shade or make mistakes, so I want a strong but not extreme bid that can still win without obviously creating a loss.",c2_f1_b2,cot_basis,2.0,1.0,2.0
1,0,12,9.6,-2.4000000000000004,0.7999999999999999,1.5999999999999996,"In this first-price auction, if I bid below my value of 12, I may lose a profitable win; if I bid above 12, I risk winning and paying more than the item is worth. If I bid exactly 12, I might win at zero profit, but in first-price auctions others may shade or make mistakes, so a slightly lower bid can still be competitive while avoiding obvious loss. One step ahead, I want a bid that can win if others are cautious but does not create a loss if I win.",c2_f1_b2,cot_basis,2.0,1.0,2.0
1,1,28,18.0,-10.0,0.6428571428571429,-0.6666666666666643,"In this first-price auction, if I bid below my value of 28, I may lose and get $0 even when winning would have given positive surplus; if I bid above 28, I risk winning and paying more than my value, which would create a loss. If I bid near but below 28, I keep a chance to win while limiting payment. Other bidders may shade too, so a bid somewhat below value is sensible within one-step planning.",c2_f1_b2,cot_basis,2.0,1.0,2.0
1,2,2,2.0,0.0,1.0,0.6666666666666667,"In this first-price auction, if I bid below my value of 2, I may lose and get zero, but if I win I keep value minus bid. If I bid above 2, I risk winning and paying more than the item is worth, creating a loss. If I bid exactly 2, I avoid obvious overpayment while still being competitive. Other bidders may shade or overbid, but I stay within my one-step check and avoid a loss-making bid.",c2_f1_b2,cot_basis,2.0,1.0,2.0
2,0,9,8.6,-0.40000000000000036,0.9555555555555555,2.5999999999999996,"In this first-price auction, if I bid below my value of 9, I may lose a profitable win; if I bid above 9, I risk winning and paying more than the item is worth. If I bid exactly 9, I break even if I win, but in first-price auctions others may shade their bids, so I can likely win with a slightly lower bid while keeping a small positive payoff. I only look one step ahead: winning at a payment below 9 is good, losing gives zero. A cautious bid around my value minus a bit fits this mechanism and the likely behavior of the other bidders.",c2_f1_b2,cot_basis,2.0,1.0,2.0
2,1,37,28.5,-8.5,0.7702702702702703,3.8333333333333357,"In this first-price auction, if I bid below my value of 37, I may lose a profitable win; if I bid above 37, I risk winning and paying more than the item is worth. If I bid about my value, I may win but with little or no profit, so I should shade a bit to avoid obvious loss while still staying competitive. Other bidders may shade too, so I want a bid that is safely below 37 but not too low.",c2_f1_b2,cot_basis,2.0,1.0,2.0
2,2,30,20.0,-10.0,0.6666666666666666,0.0,"In this first-price auction, I compare three contingencies: if I bid below my value and lose, I get 0; if I bid below my value and win, I earn value minus my bid, which is positive but may be smaller; if I bid above my value and win, I risk a loss. One step ahead, I want a bid that can win without obviously creating a loss. Other bidders may shade or bid near value, so I should bid somewhat below 30 rather than truthfully.",c2_f1_b2,cot_basis,2.0,1.0,2.0
3,0,2,2.0,0.0,1.0,0.6666666666666667,"In this first-price auction, if I bid below my value I may lose a profitable win, but if I bid above my value I can win and pay more than the item is worth. If I bid exactly my value, winning gives about zero and losing is safe. Other bidders may shade or bid near value, but with my low value I should avoid any obvious loss. One-step ahead, the direct consequence of winning at my bid should not be negative, so I stay at value.",c2_f1_b2,cot_basis,2.0,1.0,2.0
3,1,48,48.0,0.0,1.0,16.0,"In this first-price auction, if I bid below my value, I may lose a profitable win; if I bid above my value, I risk winning and paying more than the item is worth. If I bid exactly my value, winning gives about zero profit, while losing gives zero too. Other bidders may shade or bid near value, so a value-matching bid is a safe one-step choice that avoids obvious loss while staying competitive.",c2_f1_b2,cot_basis,2.0,1.0,2.0
3,2,25,25.0,0.0,1.0,8.333333333333336,"In this first-price auction, if I bid below my value of 25, I may lose and get zero even when winning would have given positive surplus; if I bid above 25, I risk winning and paying more than my value, which creates a loss. If I bid at 25, I roughly balance these contingencies. Other bidders may shade or bid truthfully, but with one-step planning I just avoid obvious loss while staying competitive.",c2_f1_b2,cot_basis,2.0,1.0,2.0
4,0,24,24.0,0.0,1.0,8.0,"In this first-price auction, if I bid below my value of 24, I may lose when winning would have given positive profit; if I bid above 24, I risk winning and paying more than my value, which creates a loss. If I bid exactly 24, I break even if I win, and I avoid obvious overpayment. Other bidders may shade or overbid, but I stay within one-step planning and choose a bid that protects against a loss while remaining competitive.",c2_f1_b2,cot_basis,2.0,1.0,2.0
4,1,12,8.4,-3.5999999999999996,0.7000000000000001,0.40000000000000036,"My value is 12 in a first-price auction, so I compare three contingencies: if I bid too low, I may lose a profitable win; if I bid near 12 and win, my direct payoff is value minus bid, which is near zero; if I bid above 12 and win, I risk a loss. One-step ahead, I should avoid obvious losses while still staying competitive. Other bidders may shade or bid truthfully, so a moderate bid below value seems sensible.",c2_f1_b2,cot_basis,2.0,1.0,2.0
4,2,18,12.0,-6.0,0.6666666666666666,0.0,"In this first-price auction, if I bid below my value I may lose a profitable win, but if I bid above my value and win I create a loss because I pay my own bid. I should compare win, lose, and payment contingencies directly: winning at a bid just under 18 gives positive payoff, losing gives 0, and overbidding risks negative payoff. Other bidders may shade or bid near value, so a moderate bid below my value is safer than truthful bidding. One-step planning says avoid obvious loss while staying competitive.",c2_f1_b2,cot_basis,2.0,1.0,2.0
5,0,34,27.6,-6.399999999999999,0.8117647058823529,4.933333333333337,"In this first-price auction, if I bid below my value I may lose a profitable win; if I bid above my value I risk winning and paying more than the item is worth. I should choose a bid below 34 to keep positive expected payoff while still being competitive. Other bidders may shade too, so I should not bid too low. One step ahead, a moderate bid near but below my value seems best.",c2_f1_b2,cot_basis,2.0,1.0,2.0
5,1,28,18.0,-10.0,0.6428571428571429,-0.6666666666666643,"In this first-price auction, if I bid below my value of 28, I may lose and get $0 even when winning would have given positive surplus; if I bid above 28, I risk winning and paying more than my value, which would create a loss. If I bid near but below 28, I keep a chance to win while limiting payment. Other bidders may shade too, so a bid somewhat below value is sensible within one-step planning.",c2_f1_b2,cot_basis,2.0,1.0,2.0
5,2,37,29.4,-7.600000000000001,0.7945945945945946,4.733333333333334,"In this first-price auction, if I bid below my value of 37, I may still win with positive profit, but if I bid too low I could lose to bidders who shade less or overbid. If I bid above 37, I risk winning and paying more than my value, which creates a loss. One-step ahead, the direct goal is to win only at a safe price. Since other bidders may shade or make mistakes, I should bid below 37 but not too aggressively low. A moderate shaded bid balances winning chances and avoids obvious loss.",c2_f1_b2,cot_basis,2.0,1.0,2.0
6,0,23,18.6,-4.399999999999999,0.8086956521739131,3.2666666666666693,"In this first-price auction, if I bid below my value I may lose when winning would still give positive payoff; if I bid above my value I risk winning and paying more than the item is worth. Since I only look one step ahead, I want a bid that can win without obviously creating a loss. Other bidders may shade their bids too, so a moderate bid near but below my value seems sensible. I will keep the bid safely under 23 while still competitive.",c2_f1_b2,cot_basis,2.0,1.0,2.0
6,1,1,1.0,0.0,1.0,0.33333333333333337,"In this first-price auction, if I bid below my value I may lose a profitable win; if I bid above my value and win, I risk a loss because I pay my own bid. If I bid at my value, winning gives about zero profit and losing is harmless. Other bidders may shade or overbid, but with a $1 value and only one step of planning, I should avoid bidding above value and keep the bid at my value to limit loss risk.",c2_f1_b2,cot_basis,2.0,1.0,2.0
6,2,42,33.6,-8.399999999999999,0.8,5.600000000000001,"In this first-price auction, if I bid below my value I may lose a profitable win; if I bid above my value I risk winning but paying more than the prize is worth. I look one step ahead: winning gives payoff value minus bid, losing gives 0. Other bidders may shade or bid near value, so I should bid below 42 but still high enough to be competitive. A moderate shade keeps positive expected payoff without obvious overpayment risk.",c2_f1_b2,cot_basis,2.0,1.0,2.0
7,0,26,17.0,-9.0,0.6538461538461539,-0.33333333333333215,"In this first-price auction, I compare three contingencies: if I bid below my value, I may lose when I could have earned positive surplus; if I bid around my value, I may win but with little or no surplus; if I bid above my value, I risk winning at a loss. One-step ahead, the direct consequence of winning is value minus my bid, so I should stay safely below 26. Other bidders may shade or bid near value, so I want a competitive but not loss-making bid.",c2_f1_b2,cot_basis,2.0,1.0,2.0
7,1,35,34.9,-0.10000000000000142,0.9971428571428571,11.566666666666666,"In this first-price auction, if I bid below my value of 35, I may lose and get zero even when winning would have given positive profit; if I bid above 35, I risk winning and paying more than my value, which would create a loss. If I bid at 35, winning would roughly break even, but other bidders may shade or bid truthfully, so a slightly lower bid can preserve positive profit while still being competitive. I will use one-step planning and avoid overbidding.",c2_f1_b2,cot_basis,2.0,1.0,2.0
7,2,12,9.0,-3.0,0.75,1.0,"In this first-price auction, if I bid below my value I may lose a profitable win; if I bid above my value and win, I risk a negative payoff because I pay my own bid. If I bid equal to 12, I only win when others bid at or below that level, which seems plausible but not guaranteed. Since other bidders may shade or bid near value, I should keep a modest positive margin below my value to reduce loss risk while staying competitive. One-step look: winning at a bid around 9 should still leave some gain if I win.",c2_f1_b2,cot_basis,2.0,1.0,2.0
8,0,46,36.9,-9.100000000000001,0.8021739130434782,6.233333333333334,"In this first-price auction, if I bid below my value I may still win with positive profit, but if I bid too low I could lose to bidders who shade less or overbid. If I bid above my value, I risk winning at a loss. One step ahead: winning at my own bid should leave a small positive margin. Other bidders may shade their bids, so I should bid aggressively but not all the way to 46. A moderate bid around the upper end keeps me competitive while preserving some profit if I win.",c2_f1_b2,cot_basis,2.0,1.0,2.0
8,1,6,4.0,-2.0,0.6666666666666666,0.0,"In this first-price auction, if I bid below my value of 6, I may lose and get zero, even though winning at a low enough price would be profitable. If I bid above 6, I risk winning and paying more than my value, which would create a loss. One step ahead, I want a bid that can still win against likely cautious or shaded bids from the other bidders, but stays safely below 6. A moderate shade seems best under this bounded reasoning.",c2_f1_b2,cot_basis,2.0,1.0,2.0
8,2,15,10.0,-5.0,0.6666666666666666,0.0,"In this first-price auction, if I bid below my value I may win and keep positive surplus, but if I bid too high I could win and pay too much. If I bid above 15, winning would create a loss; if I bid far below 15, I may lose to bidders who shade less or bid truthfully. Since others may bid somewhat below value, I want a cautious bid that still has a chance to win while avoiding obvious loss. One-step ahead: winning at my bid should leave a small positive margin.",c2_f1_b2,cot_basis,2.0,1.0,2.0
9,0,48,47.0,-1.0,0.9791666666666666,15.0,"In this first-price auction, if I bid below my value I may lose a profitable win; if I bid above my value and win, I risk paying more than $48 and creating a loss. If I bid exactly my value, I avoid obvious loss but may earn little or nothing if others shade or bid aggressively. Since other bidders may also shade or make mistakes, I want a competitive but still safe bid one step below value. I stop after this direct win/lose/payment check and do not search further.",c2_f1_b2,cot_basis,2.0,1.0,2.0
9,1,19,12.4,-6.6,0.6526315789473685,-0.2666666666666657,"In this first-price auction, if I bid below my value I may lose and get $0, while if I bid above my value and win I could earn a negative payoff because I pay my own bid. With one-step planning, I only check the direct win/lose consequence: winning at a bid near my value leaves little or no profit, so I should shade below $19. Other bidders may also shade or make mistakes, so I want a competitive but safe bid that still has a chance to win without obviously creating a loss.",c2_f1_b2,cot_basis,2.0,1.0,2.0
9,2,39,32.7,-6.299999999999997,0.8384615384615385,6.700000000000003,"In this first-price auction, if I bid below my value I may lose a profitable win; if I bid above my value and win, I risk a negative payoff because I would pay my own bid. So I should stay below 39. One step ahead, winning at a bid near 31–33 would still leave positive profit, while bidding too low may lose to bidders who shade less or overbid. Since Andy and Betty may not bid perfectly and could shade or make mistakes, I want a competitive but safe bid just under my value.",c2_f1_b2,cot_basis,2.0,1.0,2.0
0,0,48,47.0,-1.0,0.9791666666666666,15.0,"In this first-price auction, if I bid below my value I may win and keep positive surplus, but if I bid too low I could lose a profitable item. If I bid at my value, I maximize winning chance but leave no surplus if I win. I compare a slightly lower bid like 47.0 against 48.0: 47.0 gives a chance of positive gain if I win, while 48.0 is safer for winning but can erase profit. I ignore other bidders and choose a bid that balances winning and payment from my own value only.",c2_f2_b0,cot_basis,2.0,2.0,0.0
0,1,18,12.0,-6.0,0.6666666666666666,0.0,"In a first-price auction, if I bid below my value I can win and keep positive surplus, but if I bid too low I may lose a profitable chance. If I bid at or above my value, winning would reduce or eliminate my payoff, so that is worse. I compare a lower bid like 12 versus a moderate bid like 15: 12 gives more surplus if I win, while 15 raises winning chance but lowers profit. Since I only use my own value and the rule, I choose a bid below 18 that balances these effects.",c2_f2_b0,cot_basis,2.0,2.0,0.0
0,2,47,46.0,-1.0,0.9787234042553191,14.666666666666668,"In this first-price auction, if I bid below my value I can still win and keep positive profit, but if I bid too high I risk shrinking that profit. If I bid 47, I would only do well if I win, but my profit would be zero at best. If I bid a bit lower, like 46 or 45, I still keep some gain if I win while remaining competitive. I compare these bids and choose a slightly shaded bid to preserve profit while still aiming to win. I ignore the other bidders and use only my value and the payment rule.",c2_f2_b0,cot_basis,2.0,2.0,0.0
1,0,12,9.6,-2.4000000000000004,0.7999999999999999,1.5999999999999996,"In this first-price auction, if I bid below my value I may win and keep a positive margin, but if I bid too low I can lose a profitable chance. If I bid above my value and win, my payoff becomes negative because I pay my own bid. I compare two bids: 12 would maximize winning chance but risks zero profit if I win at my value; 9.6 gives a safer positive margin if I win while still keeping a decent chance. I ignore the other bidders and focus only on my value and the payment rule.",c2_f2_b0,cot_basis,2.0,2.0,0.0
1,1,28,20.0,-8.0,0.7142857142857143,1.3333333333333357,"In this first-price auction, if I bid below my value I may keep more profit when I win, but I also give up some chance of winning. If I bid at my value, I maximize winning chance but risk zero profit if I win. I compare a lower bid like 20 with a higher bid like 28: 20 gives more margin if I win, while 28 gives stronger winning chance but less margin. Since I should use only my own value and the rule, I choose a moderate bid below value to balance winning and payment.",c2_f2_b0,cot_basis,2.0,2.0,0.0
1,2,2,1.9,-0.10000000000000009,0.95,0.5666666666666667,"In this first-price auction, if I bid below my value of 2, I may still win and keep positive profit, but I risk losing when a slightly higher bid would have won. If I bid at 2, I maximize winning chance but leave zero profit if I win. If I bid above 2, I could win and pay more than my value, creating a loss. I compare a conservative bid below value with bidding at value, and choose a bid that keeps me safely profitable while still allowing a chance to win.",c2_f2_b0,cot_basis,2.0,2.0,0.0
2,0,9,6.0,-3.0,0.6666666666666666,0.0,"In this first-price auction, if I bid below my value, I may win and keep a positive profit, but I risk losing when a slightly higher bid would still have been profitable. If I bid at my value, I maximize winning chance but leave zero profit if I win. If I bid above my value, I could win and lose money, so that is worse. I compare a moderate bid like 6, a higher bid like 8, and my value 9; the best self-focused choice is a bid below value that still allows profit if I win.",c2_f2_b0,cot_basis,2.0,2.0,0.0
2,1,37,35.0,-2.0,0.9459459459459459,10.333333333333336,"In this first-price auction, if I bid below my value, I may win and keep positive surplus, but if I bid too low I could lose a profitable item. If I bid above my value, I risk winning and paying more than the prize is worth. I compare a conservative bid near 30 and a stronger bid near 35; the stronger bid raises winning chance but lowers profit if I win. Since I should use my own value only, I choose a bid that stays below 37 while still being competitive.",c2_f2_b0,cot_basis,2.0,2.0,0.0
2,2,30,25.0,-5.0,0.8333333333333334,5.0,"In this first-price auction, if I bid below my value I may win and keep a positive surplus, but if I bid too low I can lose a profitable item. If I bid at my value, I could win but earn zero surplus if I pay that amount. If I bid above my value, I risk winning and paying more than the item is worth, which is bad. I compare a conservative bid like 20 with a stronger bid like 25; 25 gives a better chance to win while still staying below my value. I ignore the other bidders and use only my value and the rule.",c2_f2_b0,cot_basis,2.0,2.0,0.0
3,0,2,1.0,-1.0,0.5,-0.33333333333333326,"In this first-price auction, if I bid below my value of 2, I may lose and get zero, but if I win I keep positive surplus. If I bid exactly 2, winning gives me zero payoff, so it is safe but not profitable. If I bid above 2, I can still win, but then I risk paying more than my value and getting negative payoff. Comparing bids like 1.0 and 2.0, the lower bid preserves upside while avoiding overpayment. I ignore other bidders and use only my value and the payment rule.",c2_f2_b0,cot_basis,2.0,2.0,0.0
3,1,48,47.0,-1.0,0.9791666666666666,15.0,"In this first-price auction, if I bid below my value I may still win and keep positive profit, but if I bid too low I could lose a profitable item. If I bid at my value, I maximize winning chance but leave no profit if I win. I compare a few bids: 47.0 gives some profit if I win, 48.0 is break-even if I win, and 46.0 is safer for profit but slightly less aggressive. Since I only use my own value and the rule, I choose a bid just below value to balance winning and payoff.",c2_f2_b0,cot_basis,2.0,2.0,0.0
3,2,25,24.9,-0.10000000000000142,0.996,8.233333333333334,"In this first-price auction, if I bid below my value of 25, I may win and keep positive profit, but I risk losing when a slightly higher bid would have won. If I bid at 25, winning would give zero profit; if I bid above 25, I could win but risk negative profit. I compare a lower bid like 24.9, a middle bid like 20, and an above-value bid like 25.1. To balance winning chance and profit while staying within my own value, I choose a bid below 25.",c2_f2_b0,cot_basis,2.0,2.0,0.0
4,0,24,18.0,-6.0,0.75,2.0,"In this first-price auction, if I bid below my value I may keep positive profit when I win, but I also risk losing when a slightly higher bid would have won. If I bid above my value, winning would create a loss because I would pay more than $24. I compare a cautious bid like 16, a moderate bid like 18, and a higher bid like 20. The higher bid raises winning chance but lowers profit if I win. Balancing these contingencies, I choose a bid that stays safely below my value while still being competitive.",c2_f2_b0,cot_basis,2.0,2.0,0.0
4,1,12,8.0,-4.0,0.6666666666666666,0.0,"In this first-price auction, if I bid below my value of 12, I may still win and keep positive profit, but I also risk losing when a slightly higher bid would have won. If I bid exactly 12, winning gives zero profit, so that is safe but not attractive. If I bid above 12, I could win and pay more than my value, creating a loss. I compare a lower bid like 8 with a value-matching bid like 12, and choose the lower bid to preserve positive payoff while avoiding overbidding.",c2_f2_b0,cot_basis,2.0,2.0,0.0
4,2,18,17.9,-0.10000000000000142,0.9944444444444444,5.899999999999999,"In this first-price auction, if I bid below my value I can still win and keep positive profit, but a higher bid reduces that profit. If I bid above my value and win, I would lose money, so that is bad. I compare a few bids: 18 gives the highest chance of winning but zero profit if I win; 17.9 gives nearly the same chance with a small profit; 17.5 gives more profit if I win but a slightly lower chance. Since I should stay below my value and balance win chance with payoff, I choose a bid just under 18.",c2_f2_b0,cot_basis,2.0,2.0,0.0
5,0,34,30.0,-4.0,0.8823529411764706,7.333333333333336,"In this first-price auction, if I bid below my value I may keep more profit when I win, but I also risk losing the item even though winning would still be worthwhile. If I bid at my value, I maximize winning chance but leave no profit if I win. I compare a lower bid like 30 versus a higher bid like 34: 30 gives positive payoff if it wins, while 34 is safer for winning but yields zero surplus. I ignore other bidders and choose a balanced bid below value.",c2_f2_b0,cot_basis,2.0,2.0,0.0
5,1,28,20.0,-8.0,0.7142857142857143,1.3333333333333357,"In this first-price auction, if I bid below my value I may keep more profit when I win, but I also give up some chance of winning. If I bid at my value, I maximize winning chance but risk zero profit if I win. I compare a lower bid like 20 with a higher bid like 28: 20 gives more margin if I win, while 28 gives stronger winning chance but less margin. Since I should use only my own value and the rule, I choose a moderate bid below value to balance winning and payment.",c2_f2_b0,cot_basis,2.0,2.0,0.0
5,2,37,29.0,-8.0,0.7837837837837838,4.333333333333336,"I have value 37 in a first-price auction, so I compare bidding below, near, and above my value. If I bid below 37, I may win and keep positive surplus, but I risk losing when a slightly higher bid would have won. If I bid 37 or above, I can win more easily, but any win at or above my value gives zero or negative payoff. I will choose a bid somewhat below my value to balance winning chance and payment, using only my own value and the rule.",c2_f2_b0,cot_basis,2.0,2.0,0.0
6,0,23,18.0,-5.0,0.782608695652174,2.666666666666668,"In this first-price auction, if I bid below my value I may win and keep a positive profit, but if I bid too low I could lose a profitable item. If I bid at my value, I risk zero profit if I win. I compare a conservative bid like 15, a moderate bid like 18, and a higher bid like 21. A moderate bid balances winning chance and payment while staying below my value. I ignore what others do and use only my $23 value and the first-price rule.",c2_f2_b0,cot_basis,2.0,2.0,0.0
6,1,1,0.8,-0.19999999999999996,0.8,0.13333333333333341,"In this first-price auction, I compare bidding below my value, at my value, and above my value. If I bid below 1, I may lose when winning would give positive payoff, but I also keep more surplus if I win. If I bid 1, I may win and earn about zero, which is safer than bidding above 1 because that could make a win unprofitable. I ignore other bidders and choose a bid that balances winning chance with payment. A modest bid below my value is the best fit for this round.",c2_f2_b0,cot_basis,2.0,2.0,0.0
6,2,42,28.0,-14.0,0.6666666666666666,0.0,"In this first-price auction, if I bid below my value I may win with positive profit, but if I bid too low I can lose a profitable chance. If I bid above my value, I could win and earn negative profit, so that is bad. I compare a conservative bid and a more aggressive bid: a lower bid gives more profit if it wins, while a higher bid raises winning chance but cuts profit. Since my value is 42, I choose a bid below 42 that still keeps some margin.",c2_f2_b0,cot_basis,2.0,2.0,0.0
7,0,26,20.0,-6.0,0.7692307692307693,2.666666666666668,"In this first-price auction, if I bid below my value I may win and keep positive surplus, but a lower bid also increases the chance of losing a profitable item. If I bid at my value, winning gives zero surplus and bidding above my value risks a loss if I win. I compare a conservative bid like 20 with a stronger bid like 24; 20 protects profit better, while 24 raises winning chance but reduces margin. Since I only use my own value and the rule, I choose a bid below 26 that still leaves room for gain.",c2_f2_b0,cot_basis,2.0,2.0,0.0
7,1,35,30.0,-5.0,0.8571428571428571,6.666666666666668,"In this first-price auction, if I bid below my value I may still win with positive profit, but if I bid too high I reduce or erase that profit. If I bid 35, I maximize winning chance but risk zero profit if I win at my value. If I bid 30, I keep a safer margin but may lose some wins. Comparing these, I choose a bid that balances winning and profit while using only my own value and the auction rule.",c2_f2_b0,cot_basis,2.0,2.0,0.0
7,2,12,8.0,-4.0,0.6666666666666666,0.0,"I compare bids below, at, and above my value in this first-price auction. If I bid below 12, I may win and keep positive profit, but I also risk losing when a slightly higher bid would have won. If I bid 12, I win only when that is enough, but profit would be zero if I win. If I bid above 12, I can win more often but may pay more than my value and lose money. A moderate bid below value best balances winning chance and profit.",c2_f2_b0,cot_basis,2.0,2.0,0.0
8,0,46,45.9,-0.10000000000000142,0.9978260869565218,15.233333333333334,"In this first-price auction, if I bid below my value I may still win and keep positive profit, but a lower bid also risks losing a profitable item. If I bid at my value, I maximize winning chance but leave no profit if I win. If I bid above my value, winning would create a loss, so that is worse. I compare a conservative bid near 46 minus a small amount versus a more aggressive bid closer to 46, and choose the one that balances winning chance with positive payoff.",c2_f2_b0,cot_basis,2.0,2.0,0.0
8,1,6,5.0,-1.0,0.8333333333333334,1.0,"In this first-price auction, if I bid below my value I may keep positive profit when I win, but I also risk losing the item. If I bid at my value, I may win with zero profit. If I bid above my value, I can win and then pay more than the item is worth to me, which is bad. I compare a cautious lower bid like 5.0 with a value-matching bid like 6.0, and I choose the lower one to keep a positive margin while still having a chance to win.",c2_f2_b0,cot_basis,2.0,2.0,0.0
8,2,15,10.0,-5.0,0.6666666666666666,0.0,"In this first-price auction, if I bid below my value, I may keep positive profit if I win, but I also risk losing the item. If I bid at my value, I maximize winning chance but leave no profit if I win. If I bid above my value, I could win and then earn a loss, so that is worse. I compare a lower bid like 10 against a value-like bid like 15, and choose a moderate bid that still leaves some gain if I win while keeping a reasonable chance to win.",c2_f2_b0,cot_basis,2.0,2.0,0.0
9,0,48,47.0,-1.0,0.9791666666666666,15.0,"In this first-price auction, if I bid below my value I may win and keep positive surplus, but if I bid too low I could lose a profitable item. If I bid at my value, I maximize winning chance but leave no surplus if I win. I compare a slightly lower bid like 47.0 against 48.0: 47.0 gives a chance of positive gain if I win, while 48.0 is safer for winning but can erase profit. I ignore other bidders and choose a bid that balances winning and payment from my own value only.",c2_f2_b0,cot_basis,2.0,2.0,0.0
9,1,19,12.0,-7.0,0.631578947368421,-0.6666666666666661,"In this first-price auction, if I bid below my value of 19, I may win and keep positive profit, but a lower bid also increases the chance of a better margin if I still win. If I bid at 19, I could win with zero profit, and if I bid above 19, I risk winning and paying more than my value, which is bad. I compare a conservative bid like 12 against a higher bid like 15; 12 gives safer profit if I win, while 15 raises winning chances but lowers margin. I ignore other bidders and choose a moderate bid below my value.",c2_f2_b0,cot_basis,2.0,2.0,0.0
9,2,39,30.0,-9.0,0.7692307692307693,4.0,"In this first-price auction, if I bid below my value I may win and keep positive surplus, while if I bid above my value I risk winning and paying more than the item is worth. If I bid exactly my value, winning gives zero profit. I compare a lower bid like 30 versus a higher bid like 35: 30 leaves more margin if I win, while 35 raises my chance of winning but lowers profit. Since I should use only my own value and the rule, I choose a cautious bid below value.",c2_f2_b0,cot_basis,2.0,2.0,0.0
0,0,48,44.0,-4.0,0.9166666666666666,12.0,"In this first-price auction, if I bid below my value I may still win and keep positive profit, but if I bid too low I can lose to a medium or high rival and get nothing. If I bid above my value, I risk winning and paying more than the item is worth, which is bad. I compare a cautious bid around 40, a moderate bid around 44, and a more aggressive bid around 46. Since others could bid low, medium, or high, I want a competitive but still value-safe bid.",c2_f2_b1,cot_basis,2.0,2.0,1.0
0,1,18,15.0,-3.0,0.8333333333333334,3.0,"In this first-price auction, if I bid below my value I may lose a profitable win; if I bid above my value and win, my payoff can shrink or turn negative. If I bid equal to my value, I break even if I win, but I may still lose to a higher bid. I compare a cautious bid around 12, a moderate bid around 15, and a more aggressive bid near 17. Since others could bid low, medium, or high, I want a competitive but not extreme bid.",c2_f2_b1,cot_basis,2.0,2.0,1.0
0,2,47,44.0,-3.0,0.9361702127659575,12.666666666666668,"In this first-price auction, if I bid below my value I can still win profitably, but if I bid too high and win, my profit shrinks because I pay my own bid. If I bid 47, I maximize winning chance but may overpay; if I bid around 40–44, I keep positive profit while still likely beating low or medium bids. Others could bid low, medium, or high, so I want a competitive but not extreme bid. I compare 44 and 45 and choose the slightly safer lower bid.",c2_f2_b1,cot_basis,2.0,2.0,1.0
1,0,12,8.0,-4.0,0.6666666666666666,0.0,"In this first-price auction, if I bid below my value I may still win and keep some profit, but if I bid too low I can lose to medium or high bids. If I bid above my value, I risk winning and paying more than the prize is worth, which is bad. I compare a cautious bid like 8 with a more competitive bid like 10. Others could bid low, medium, or high, so I want a bid that can win sometimes without pushing too close to my value. I choose a moderate shade below 12.",c2_f2_b1,cot_basis,2.0,2.0,1.0
1,1,28,22.0,-6.0,0.7857142857142857,3.3333333333333357,"In this first-price auction, if I bid below my value I may still win and keep positive profit, but if I bid too low I could lose to a medium or high bidder and miss a good chance. If I bid above my value, I risk winning and paying more than the prize is worth, which is bad. I compare a cautious bid around 18, a moderate bid around 22, and a stronger bid around 24. Since others could bid low, medium, or high, I want a competitive but still safe bid below 28.",c2_f2_b1,cot_basis,2.0,2.0,1.0
1,2,2,1.6,-0.3999999999999999,0.8,0.26666666666666683,"In this first-price auction, if I bid below my value of 2, I may keep positive profit when I win, but I also risk losing to bidders who are medium or high. If I bid at 2, I maximize winning chance but would earn zero if I win. If I bid above 2, I could win more often but might turn a win into a loss. With only rough beliefs that Andy, Betty, and I may bid low, medium, or high, I choose a cautious bid slightly below value to balance winning chance and profit.",c2_f2_b1,cot_basis,2.0,2.0,1.0
2,0,9,6.5,-2.5,0.7222222222222222,0.5,"In this first-price auction, if I bid below my value I may win and keep positive profit, but if I bid too low I could lose to bidders who are medium or high. If I bid at my value, I might win less often and risk zero or small profit. If I bid above my value, I could win but also overpay and get negative earnings. Comparing a cautious bid like 6.0 with a more aggressive bid like 7.5, I want a moderate bid that keeps some profit if I win while still being competitive against low or medium bids.",c2_f2_b1,cot_basis,2.0,2.0,1.0
2,1,37,33.0,-4.0,0.8918918918918919,8.333333333333336,"In this first-price auction, if I bid below my value I can still win and keep positive profit, but if I bid too low I may lose to bidders who are medium or high. If I bid above my value, I risk winning and paying more than the item is worth, which is bad. I compare a cautious bid like 30, a moderate bid like 33, and a more aggressive bid like 35. Since others could bid low, medium, or high, I want a competitive but not overbidding response. A moderate bid best balances winning chance and profit.",c2_f2_b1,cot_basis,2.0,2.0,1.0
2,2,30,24.0,-6.0,0.8,4.0,"In this first-price auction, if I bid below my value I may still win and keep positive profit, but if I bid too high I can win and overpay. If I bid exactly 30, winning gives zero profit; if I bid lower, I may earn something but risk losing to medium or high bids; if I bid higher, I improve winning chance but can turn profit negative. I compare a cautious bid around 20, a moderate bid around 24, and an aggressive bid near 28. Others could be low, medium, or high, so I choose a moderate bid that balances winning chance and safety.",c2_f2_b1,cot_basis,2.0,2.0,1.0
3,0,2,1.5,-0.5,0.75,0.16666666666666674,"In this first-price auction, if I bid below my value of 2, I may lose when winning would still give positive profit; if I bid above 2, I risk winning and paying more than the item is worth. I compare a low bid like 1.0, a moderate bid like 1.5, and a value-matching bid like 2.0. Since others could bid low, medium, or high, I want a cautious bid that still gives a chance to win without overpaying. A slightly shaded bid seems best here.",c2_f2_b1,cot_basis,2.0,2.0,1.0
3,1,48,39.0,-9.0,0.8125,7.0,"In this first-price auction, if I bid below my value I may win and keep positive profit, but if I bid too low I could lose to a medium or high bidder and miss a good chance. If I bid above my value, I risk winning and paying more than the item is worth. I compare a cautious bid around the middle-high range with a more aggressive bid near value. Since others could bid low, medium, or high, I want a competitive bid that still leaves some margin. I choose a strong but not full-value bid.",c2_f2_b1,cot_basis,2.0,2.0,1.0
3,2,25,18.0,-7.0,0.72,1.3333333333333357,"In this first-price auction, if I bid below my value, I may still win and keep positive profit, but I risk losing to a higher bid. If I bid at or above my value, winning could give me little or negative payoff because I pay my own bid. I compare a cautious bid around 16, a moderate bid around 18, and a more aggressive bid around 20. Others could bid low, medium, or high, so I want a bid that can win without pushing too close to my value. I choose a moderate shading strategy.",c2_f2_b1,cot_basis,2.0,2.0,1.0
4,0,24,18.0,-6.0,0.75,2.0,"In this first-price auction, if I bid below my value I may win and keep some profit, but if I bid too low I could lose to a medium or high rival bid. If I bid above my value, I risk winning but getting negative payoff because I pay my own bid. I compare a cautious bid around 16, a moderate bid around 18, and a more aggressive bid around 20. Others could be low, medium, or high, so I lean moderately competitive while staying below my value.",c2_f2_b1,cot_basis,2.0,2.0,1.0
4,1,12,9.0,-3.0,0.75,1.0,"In this first-price auction, if I bid below my value I may win and keep positive profit, but if I bid too low I could lose to a medium or high bidder and earn nothing. If I bid above my value, I might win but risk negative profit because I pay my own bid. I compare a cautious bid near 8–9 against a more competitive bid near 10–11. Since others could bid low, medium, or high, I want a bid that can win sometimes without pushing too close to my $12 value.",c2_f2_b1,cot_basis,2.0,2.0,1.0
4,2,18,14.0,-4.0,0.7777777777777778,2.0,"In this first-price auction, if I bid below my value I may keep positive profit when I win, but I could lose to higher bids and get nothing. If I bid equal to my value, I might win more often but risk zero profit if I win. If I bid above my value, I could win while paying too much and turn profit negative. I compare a cautious bid around 12, a medium bid around 14, and a more aggressive bid around 16. Others could be low, medium, or high, so I choose a moderate bid that balances winning chance and profit.",c2_f2_b1,cot_basis,2.0,2.0,1.0
5,0,34,26.0,-8.0,0.7647058823529411,3.3333333333333357,"In this first-price auction, if I bid below my value I may still win and keep positive profit, but if I bid too low I could lose to a medium or high rival bid. If I bid above my value, I risk winning and paying more than the item is worth, which is bad. I compare a cautious bid around 24-26 with a more aggressive bid around 28-30. Since others could be low, medium, or high, I want a competitive but still safe bid. I choose a bid that keeps room for profit while improving my chance to win.",c2_f2_b1,cot_basis,2.0,2.0,1.0
5,1,28,22.0,-6.0,0.7857142857142857,3.3333333333333357,"In this first-price auction, if I bid below my value I may still win and keep positive profit, but if I bid too low I could lose to a medium or high bidder and miss a good chance. If I bid above my value, I risk winning and paying more than the prize is worth, which is bad. I compare a cautious bid around 18, a moderate bid around 22, and a stronger bid around 24. Since others could bid low, medium, or high, I want a competitive but still safe bid below 28.",c2_f2_b1,cot_basis,2.0,2.0,1.0
5,2,37,35.0,-2.0,0.9459459459459459,10.333333333333336,"In this first-price auction, if I bid below my value I may keep more profit when I win, but I also risk losing to bidders who are medium or high. If I bid above my value, I might win more often, but then I could pay too much and turn a win into a loss. I compare a cautious bid around 34, a middle bid around 35, and a more aggressive bid around 36. Since others could bid low, medium, or high, I want a competitive but still value-safe bid.",c2_f2_b1,cot_basis,2.0,2.0,1.0
6,0,23,18.0,-5.0,0.782608695652174,2.666666666666668,"In this first-price auction, if I bid below my value I may lose when I could have earned positive profit; if I bid above my value and win, I can turn the win into a loss because I pay my own bid. So I should stay below 23. I compare a cautious bid around 15, a middle bid around 18, and a more aggressive bid around 21. Others could bid low, medium, or high, so I want a bid that keeps some profit while still giving a decent chance to win. I choose a moderate bid.",c2_f2_b1,cot_basis,2.0,2.0,1.0
6,1,1,0.8,-0.19999999999999996,0.8,0.13333333333333341,"In this first-price auction, if I bid below my value I may lose a profitable win, while if I bid above my value and win I can create a loss because I pay my own bid. I compare a low bid like 0.2 with a cautious bid near my value like 0.8. Others could bid low, medium, or high, so I want a small positive chance to win without risking much. With value $1, a conservative bid below value fits my bounded planning best.",c2_f2_b1,cot_basis,2.0,2.0,1.0
6,2,42,34.0,-8.0,0.8095238095238095,6.0,"In this first-price auction, if I bid below my value I may still win and keep positive profit, but bidding too low risks losing to bidders who might be low, medium, or high. If I bid equal to my value, I maximize winning chance but could earn almost nothing if I win. If I bid above my value, I might win more often but can overpay and create a loss. Comparing a cautious bid around the middle with a stronger bid near my value, I choose a competitive but not extreme bid to balance winning chance and margin.",c2_f2_b1,cot_basis,2.0,2.0,1.0
7,0,26,22.0,-4.0,0.8461538461538461,4.666666666666668,"In this first-price auction, if I bid below my value, I may keep more profit when I win, but I also risk losing to bidders who are medium or high. If I bid above my value, I could win more often, but then a win might give me little or negative payoff. I compare a cautious bid like 18, a middle bid like 22, and a stronger bid like 24. Since others could be low, medium, or high, I want a competitive but still value-safe bid. I choose a bid that balances winning chance and margin.",c2_f2_b1,cot_basis,2.0,2.0,1.0
7,1,35,31.0,-4.0,0.8857142857142857,7.666666666666668,"In this first-price auction, if I bid below my value I may still win and keep positive earnings, but if I bid too high I reduce profit when I win. If I bid 35, I may win often but with little or no margin against other bidders. If I bid around 28–32, I still have a good chance against low or medium bids while protecting some payoff. Others could bid low, medium, or high, so I want a cautious but competitive bid. I choose a middle-high bid to balance winning chance and profit.",c2_f2_b1,cot_basis,2.0,2.0,1.0
7,2,12,8.0,-4.0,0.6666666666666666,0.0,"In this first-price auction, I compare bidding below, at, and above my value of 12. If I bid below 12, I may win less often but keep more surplus when I do win. If I bid 12 or above, I raise my chance of winning but risk shrinking or eliminating profit. Since others could bid low, medium, or high, I want a cautious but competitive bid. I compare 7.0, 8.0, and 9.0; 8.0 seems like a moderate bid that can still win without giving away too much value.",c2_f2_b1,cot_basis,2.0,2.0,1.0
8,0,46,45.0,-1.0,0.9782608695652174,14.333333333333336,"In this first-price auction, if I bid below my value I may still win and keep positive profit, but if I bid too low I could lose to a medium or high rival bid. If I bid equal to my value, I maximize winning chance but risk zero profit if I win. If I bid above my value, I could win more often but might overpay and lose money. I compare a cautious bid around 44.0, a middle bid around 45.0, and an aggressive bid near 46.0. Since others could bid low, medium, or high, I choose a competitive but slightly shaded bid.",c2_f2_b1,cot_basis,2.0,2.0,1.0
8,1,6,5.0,-1.0,0.8333333333333334,1.0,"In this first-price auction, if I bid below my value I may lose when I could have earned positive profit, but if I bid too high and win I pay my own bid, which can wipe out profit. I compare a cautious bid like 4.0, a middle bid like 5.0, and a near-value bid like 6.0. Others could bid low, medium, or high, so I want some winning chance without bidding all the way up to my value. A moderate bid seems best for this bounded style.",c2_f2_b1,cot_basis,2.0,2.0,1.0
8,2,15,10.0,-5.0,0.6666666666666666,0.0,"In this first-price auction, if I bid below my value I may still win profitably, but if I bid too low I could lose to medium or high bids from Andy or Betty. If I bid above my value, I might win and then overpay, which is bad. I compare a cautious bid around 10 with a more competitive bid around 12.5: 10 gives safer profit if I win but lower chance to win; 12.5 improves winning chance but trims profit. With rough beliefs that others may bid low, medium, or high, I choose a moderate bid below my value.",c2_f2_b1,cot_basis,2.0,2.0,1.0
9,0,48,44.0,-4.0,0.9166666666666666,12.0,"In this first-price auction, if I bid below my value I may still win and keep positive profit, but if I bid too low I can lose to a medium or high rival and get nothing. If I bid above my value, I risk winning and paying more than the item is worth, which is bad. I compare a cautious bid around 40, a moderate bid around 44, and a more aggressive bid around 46. Since others could bid low, medium, or high, I want a competitive but still value-safe bid.",c2_f2_b1,cot_basis,2.0,2.0,1.0
9,1,19,15.0,-4.0,0.7894736842105263,2.333333333333334,"In this first-price auction, if I bid below my value I may keep more profit when I win, but I also risk losing to a medium or high bid and getting nothing. If I bid above my value, I could win but then overpay and reduce or erase profit. I compare a cautious bid around 13.0, a middle bid around 15.0, and a stronger bid around 17.0. Others could bid low, medium, or high, so I want a competitive but still profitable bid. A middle-high bid seems best for balancing win chance and payment.",c2_f2_b1,cot_basis,2.0,2.0,1.0
9,2,39,36.0,-3.0,0.9230769230769231,10.0,"In this first-price auction, if I bid below my value I may keep more profit when I win, but I also risk losing to a higher bid. If I bid above my value, I could win and then earn negative profit because I pay my own bid. I compare a cautious bid like 33 with a more competitive bid like 36. Others could bid low, medium, or high, so I want a bid that can win without pushing too close to 39. A moderate-high bid seems best for this round.",c2_f2_b1,cot_basis,2.0,2.0,1.0
0,0,48,40.0,-8.0,0.8333333333333334,8.0,"In this first-price auction, if I bid below my value I may keep more profit when I win, but I also risk losing to bidders who shade less or bid near value. If I bid too high, I raise my payment and can erase gains if I win. I compare a conservative bid around 36-40 with a more aggressive bid around 42-45. Since others may bid somewhat below value, a mid-high bid should keep a strong chance to win while preserving some surplus. I choose a bid that balances winning chance and payment under the first-price rule.",c2_f2_b2,cot_basis,2.0,2.0,2.0
0,1,18,15.0,-3.0,0.8333333333333334,3.0,"In this first-price auction, bidding above my value risks a loss if I win, while bidding too low can lose a profitable item. I compare a few bids: 18 would maximize winning chance but could leave zero or negative profit if others bid near value; 12 gives a better chance to win with positive expected profit; 15 is a middle option that still shades below value. I think Andy and Charles may also shade bids, so a moderate bid seems best. I will stay below my value to protect against overpaying while still competing.",c2_f2_b2,cot_basis,2.0,2.0,2.0
0,2,47,44.0,-3.0,0.9361702127659575,12.666666666666668,"In this first-price auction, if I bid below my value of 47, I may win and keep positive profit, but I risk losing to bidders who bid aggressively. If I bid too high, I increase my chance of winning but reduce profit because I pay my own bid. I compare a conservative bid around 40 with a stronger bid around 44. Since Andy and Betty may shade or bid near value, a moderately high bid seems safer while still leaving some surplus. I choose a bid that balances winning chance and payment.",c2_f2_b2,cot_basis,2.0,2.0,2.0
1,0,12,8.4,-3.5999999999999996,0.7000000000000001,0.40000000000000036,"In this first-price auction, I compare bidding below, near, and above my value of 12. If I bid above 12 and win, I risk negative payoff because I pay my own bid. If I bid far below 12, I may lose even when winning would have been profitable. A moderate shaded bid seems best. Since other bidders may shade too, I want a bid that keeps a decent chance to win without giving away too much surplus. I will choose a bid below value but not too low.",c2_f2_b2,cot_basis,2.0,2.0,2.0
1,1,28,20.0,-8.0,0.7142857142857143,1.3333333333333357,"In this first-price auction, if I bid below my value I may still win with positive profit, but if I bid too low I can lose to bidders who shade less or bid truthfully. If I bid above my value, I risk winning and paying more than the item is worth. I compare bids around 18, 20, and 22: 18 gives more profit if I win but lowers winning chance; 22 raises winning chance but cuts margin. Since others may shade or bid near value, I choose a moderate bid that balances winning and payment.",c2_f2_b2,cot_basis,2.0,2.0,2.0
1,2,2,1.4,-0.6000000000000001,0.7,0.06666666666666665,"In this first-price auction, if I bid below my value I may lose a profitable win; if I bid above my value and win, I risk negative earnings because I pay my own bid. I compare a cautious low bid like 1.0 against a near-value bid like 2.0. Since other bidders may shade or bid near value, a modest bid can still win sometimes without pushing payment too high. I choose a bid that balances winning chance and keeping the payment below my value.",c2_f2_b2,cot_basis,2.0,2.0,2.0
2,0,9,8.5,-0.5,0.9444444444444444,2.5,"In this first-price auction, if I bid below my value of 9, I may win and keep positive profit, but if I bid too low I can lose to bidders who shade less or bid near value. If I bid at 9, I raise my winning chance but risk zero profit if I win. I compare 8.0 and 8.5 as candidate bids: 8.5 seems a bit safer against truthful or mildly shaded opponents, while still leaving some profit if I win. Since others may also shade, I choose a moderate bid below value.",c2_f2_b2,cot_basis,2.0,2.0,2.0
2,1,37,31.0,-6.0,0.8378378378378378,6.333333333333336,"In this first-price auction, if I bid below my value I may still win and earn value minus bid, but if I bid too low I can lose to bidders who shade less or overbid. If I bid above my value and win, I risk negative payoff. I compare a safer lower bid like 28 with a stronger bid like 33: 28 gives more profit if I win but lower winning chance; 33 raises winning chance but cuts margin. Since others may bid truthfully or slightly shaded, I choose a moderate bid that balances winning chance and profit while staying below my value.",c2_f2_b2,cot_basis,2.0,2.0,2.0
2,2,30,24.0,-6.0,0.8,4.0,"I compare bidding below, near, and above my $30 value in this first-price auction. If I bid too low, I may lose even when winning would still give positive profit. If I bid too high, I raise my payment if I win and can turn a win into a smaller gain. Since there is one round and two other bidders, I expect some shading from them, so I want a competitive but not full-value bid. I compare 20, 24, and 27; 24 seems like a balanced compromise between winning chance and profit if I win.",c2_f2_b2,cot_basis,2.0,2.0,2.0
3,0,2,1.0,-1.0,0.5,-0.33333333333333326,"In this first-price auction, if I bid above my value of 2, I may win but risk negative earnings because I would pay my own bid. If I bid far below 2, I may lose even when winning would have been profitable. I compare a low bid like 1.0 against a value-like bid like 2.0: 2.0 raises winning chance but can erase profit, while 1.0 protects me if I win and still gives some chance if others shade or bid cautiously. Since other bidders may overbid or shade, I choose a modest bid below value.",c2_f2_b2,cot_basis,2.0,2.0,2.0
3,1,48,47.0,-1.0,0.9791666666666666,15.0,"In this first-price auction, if I bid below my value I may keep positive profit when I win, but if I bid too low I can lose to bidders who shade less or bid aggressively. If I bid at my value, I raise winning chance but risk zero profit. I compare a slightly shaded bid like 47.0 against a more aggressive 48.0 and a safer lower bid like 46.0. Since Andy and Charles may shade but could also bid near value, I want a strong bid that still leaves a small margin. I choose a near-value bid to balance winning and payment.",c2_f2_b2,cot_basis,2.0,2.0,2.0
3,2,25,16.7,-8.3,0.6679999999999999,0.03333333333333499,"I compare two bids: 25 and a shaded bid below 25. If I bid 25, I maximize my chance to win, but in this first-price auction I would pay 25 if I win, leaving zero profit. If I bid below 25, I may still win if Andy or Betty shade or bid below value, and then I keep positive surplus; if they bid near value, I may lose but avoid overpaying. Since others may also shade in a first-price auction, a moderate shade seems best under my bounded reasoning.",c2_f2_b2,cot_basis,2.0,2.0,2.0
4,0,24,18.4,-5.600000000000001,0.7666666666666666,2.3999999999999986,"In this first-price auction, if I bid below my value I may keep a positive profit when I win, but I also risk losing to bidders who shade less or bid near value. If I bid too high, I increase winning chance but may erase profit because I pay my own bid. I compare a conservative bid like 16 against a stronger bid like 19 or 20. Since Betty and Charles may shade but could also bid fairly aggressively, I want a bid that can win without pushing my payment too close to 24.",c2_f2_b2,cot_basis,2.0,2.0,2.0
4,1,12,8.7,-3.3000000000000007,0.725,0.6999999999999993,"In this first-price auction, if I bid below my value I may win and keep a positive surplus, but if I bid too low I could lose to bidders who shade less or bid more aggressively. If I bid at my value, I risk zero profit if I win. I compare a cautious bid around 8.0 and a stronger bid around 9.0; with two other bidders, some may shade but some may overbid slightly. To balance winning chance and profit, I choose a moderate shaded bid below my value.",c2_f2_b2,cot_basis,2.0,2.0,2.0
4,2,18,12.0,-6.0,0.6666666666666666,0.0,"I compare bidding below, near, and above my value in this first-price auction. If I bid too low, I may lose even when winning would still give positive payoff; if I bid too high, I may win more often but reduce profit because I pay my own bid. Since there are two other bidders and they may shade or bid near value, I want a moderate bid that keeps a decent chance to win without giving away too much surplus. A bid around two-thirds of my value balances these contingencies and fits my planning limit.",c2_f2_b2,cot_basis,2.0,2.0,2.0
5,0,34,31.0,-3.0,0.9117647058823529,8.333333333333336,"In this first-price auction, if I bid below my value I may win with positive profit, but if I bid too low I can lose to bidders who shade less or overbid. If I bid above my value I risk winning and paying more than the prize is worth. I compare a conservative bid around 25–28 against a stronger bid around 30–32: the higher bid improves winning chance against possible aggressive or mistaken bids from Betty and Charles, while still leaving some profit if I win. Given my value of 34, I choose a moderately aggressive bid to balance win chance and payoff.",c2_f2_b2,cot_basis,2.0,2.0,2.0
5,1,28,20.0,-8.0,0.7142857142857143,1.3333333333333357,"In this first-price auction, if I bid below my value I may still win with positive profit, but if I bid too low I can lose to bidders who shade less or bid truthfully. If I bid above my value, I risk winning and paying more than the item is worth. I compare bids around 18, 20, and 22: 18 gives more profit if I win but lowers winning chance; 22 raises winning chance but cuts margin. Since others may shade or bid near value, I choose a moderate bid that balances winning and payment.",c2_f2_b2,cot_basis,2.0,2.0,2.0
5,2,37,29.0,-8.0,0.7837837837837838,4.333333333333336,"In this first-price auction, if I bid below my value I may win with a positive margin, but if I bid too low I can lose to Andy or Betty even when winning would still be profitable. If I bid above my value, I risk a negative payoff if I win. I compare a conservative bid around 25, a moderate bid around 29, and a higher bid around 32. Since others may shade too, but may also bid aggressively, a moderate bid best balances winning chance and profit while staying below my value.",c2_f2_b2,cot_basis,2.0,2.0,2.0
6,0,23,15.0,-8.0,0.6521739130434783,-0.33333333333333215,"I compare bidding below, near, and above my value in this first-price auction. If I bid below 23, I may still win with positive profit, but I also risk losing to a bidder who bids a bit more. If I bid 23 or above, I raise my winning chance but can erase profit or create a loss if I win. Since there are two other bidders, they may shade too, so a moderate bid seems best. I choose a bid that balances winning chance and payment while staying below my value.",c2_f2_b2,cot_basis,2.0,2.0,2.0
6,1,1,0.1,-0.9,0.1,-0.5666666666666667,"My value is $1 in a first-price auction, so I compare bidding below, at, and above value. If I bid below 1, I may lose and get $0, which is safe but may miss a small positive gain if others bid very low. If I bid 1, I can win only when others bid at or below 1, giving near-zero payoff if I win. If I bid above 1, I risk winning and paying more than my value, which is bad. Others may shade or bid near value, so I choose a cautious low bid.",c2_f2_b2,cot_basis,2.0,2.0,2.0
6,2,42,33.0,-9.0,0.7857142857142857,5.0,"In this first-price auction, if I bid below my value of 42, I may still win and keep positive surplus, but bidding too low risks losing to Andy or Betty if they shade less or bid aggressively. If I bid at 42, I maximize winning chance but may earn little or nothing if I win. If I bid very high, I raise winning chance but sacrifice surplus. I compare a moderate aggressive bid around 31-35 versus a safer lower bid, and I expect others may shade but not perfectly. A balanced bid near the middle should trade off win chance and payoff well.",c2_f2_b2,cot_basis,2.0,2.0,2.0
7,0,26,21.0,-5.0,0.8076923076923077,3.666666666666668,"In this first-price auction, if I bid below my value 26, I may earn more if I win, but I also risk losing to bidders who bid aggressively. If I bid too high, I increase my chance of winning but reduce profit because I pay my own bid. I compare a cautious bid around 18–20 against a stronger bid around 22–24. Since Betty and Charles may shade or bid near value, I want a bid that can still win without giving away too much surplus. I choose a moderate, competitive bid.",c2_f2_b2,cot_basis,2.0,2.0,2.0
7,1,35,27.0,-8.0,0.7714285714285715,3.666666666666668,"In this first-price auction, if I bid below my value I may still win profitably, but if I shade too much I can lose to bidders who bid aggressively. If I bid at my value, I might win but earn little or nothing. I compare a conservative bid around 24-26 against a stronger bid around 28-30. Since Andy and Charles may shade but could also bid near their values, I want a bid that keeps a good chance to win without giving away too much surplus. I choose a moderate shade.",c2_f2_b2,cot_basis,2.0,2.0,2.0
7,2,12,9.0,-3.0,0.75,1.0,"In this first-price auction, if I bid below my value I may win and keep positive surplus, but if I bid too high I risk winning with too little or no profit. I compare a conservative bid like 8 against a more aggressive bid like 10 or 11. Since other bidders may shade or bid near value, a moderate bid should keep some winning chance without giving away too much surplus. I will stay below my value and choose a bid that balances winning and payment under the first-price rule.",c2_f2_b2,cot_basis,2.0,2.0,2.0
8,0,46,37.0,-9.0,0.8043478260869565,6.333333333333336,"In this first-price auction, I compare bidding below my value, near my value, and slightly below it. If I bid too low, I may lose even when winning would still give positive profit. If I bid at 46, I may win more often but pay more and reduce profit. Since other bidders may shade or bid somewhat aggressively, a bid a bit below my value balances winning chance and payment. I choose a moderate shade to keep expected gain while staying competitive.",c2_f2_b2,cot_basis,2.0,2.0,2.0
8,1,6,5.4,-0.5999999999999996,0.9,1.4000000000000004,"In this first-price auction, if I bid below my value of 6, I may save money when I win, but I also risk losing to bidders who bid a bit more. If I bid above 6, I increase my chance of winning, but I can create a negative payoff if I pay more than my value. I compare a conservative bid around 4.8 with a stronger bid around 5.4; since other bidders may shade or bid near value, a moderate bid seems best while keeping expected profit positive.",c2_f2_b2,cot_basis,2.0,2.0,2.0
8,2,15,12.0,-3.0,0.8,2.0,"In this first-price auction, if I bid below my value I may win and keep positive profit, but if I bid too high I risk winning with little or no profit. I compare bids around 10, 12, and 13: 10 gives a better margin but may lose to bidders who shade less, 12 balances winning chance and profit, and 13 raises winning chance but lowers payoff. Since Andy and Betty may bid somewhat below value, I lean slightly aggressive but still below 15 to protect against overpaying.",c2_f2_b2,cot_basis,2.0,2.0,2.0
9,0,48,40.0,-8.0,0.8333333333333334,8.0,"In this first-price auction, if I bid below my value I may keep more profit when I win, but I also risk losing to bidders who shade less or bid near value. If I bid too high, I raise my payment and can erase gains if I win. I compare a conservative bid around 36-40 with a more aggressive bid around 42-45. Since others may bid somewhat below value, a mid-high bid should keep a strong chance to win while preserving some surplus. I choose a bid that balances winning chance and payment under the first-price rule.",c2_f2_b2,cot_basis,2.0,2.0,2.0
9,1,19,13.0,-6.0,0.6842105263157895,0.3333333333333339,"In this first-price auction, if I bid below my value I may keep positive profit when I win, but if I bid too low I can lose to bidders who shade less or bid aggressively. If I bid at my value, I may win more often but risk zero profit. I compare bids around 12, 13, and 14: 12 gives more safety, 14 raises winning chance, and 13 is a balanced shade. Since other bidders may shade or bid near value, I choose a moderate bid that can still win without giving away too much surplus.",c2_f2_b2,cot_basis,2.0,2.0,2.0
9,2,39,34.0,-5.0,0.8717948717948718,8.0,"In this first-price auction, if I bid below my value of 39, I may win and keep positive profit, but if I shade too much I could lose to Andy or Betty. If I bid 39, I maximize winning chance but risk zero profit if I win. If I bid around 31–35, I still likely win against bounded bidders while preserving margin. I think others may shade too, so a moderately aggressive bid seems best under my contingent and multi-step reasoning. I choose a bid that balances winning chance and profit.",c2_f2_b2,cot_basis,2.0,2.0,2.0
0,0,19,12.4,-6.6,0.6526315789473685,-0.2666666666666657,"I shade below my value because overpaying would feel much worse than winning a small profit. With a value of 19, I’ll bid around 65% to stay safely below my value while still being competitive. That gives a bid near 12.4, so I’ll round to a valid 0.1 increment and keep the bid conservative.",spsb_error_loss_averse,error_mouse,,,
0,1,45,27.0,-18.0,0.6,-3.0,"I shade well below my value because the risk of overpaying feels much worse than the pleasure of winning. With a value of 45, I’ll bid toward the lower end of the allowed loss-averse range, around 60% of value, which is 27. This keeps me cautious in a first-price auction while still giving me a chance to win if others bid conservatively.",spsb_error_loss_averse,error_mouse,,,
0,2,48,28.8,-19.2,0.6,-3.1999999999999993,"I shade my bid well below my value because overpaying would feel especially bad. With a value of 48, I’ll choose a conservative bid near the lower-middle of the allowed loss-averse range, around 60% of value, to reduce the risk of winning at too high a price.",spsb_error_loss_averse,error_mouse,,,
1,0,22,14.3,-7.699999999999999,0.65,-0.36666666666666536,"I shade below my value because overpaying would feel much worse than winning a small profit. With a value of 22, I’ll bid around 65% of value, which is about 14.3, and I’ll round to a valid $0.1 increment.",spsb_error_loss_averse,error_mouse,,,
1,1,46,27.6,-18.4,0.6,-3.066666666666663,"I shade well below my value because overpaying would feel especially painful. With a value of 46, I’ll bid around 60% to stay safely below my value while still having a chance to win. That gives a bid near 27.6, so I’ll round to a valid $0.1 increment at 27.6.",spsb_error_loss_averse,error_mouse,,,
1,2,48,28.8,-19.2,0.6,-3.1999999999999993,"I shade my bid well below my value because overpaying would feel especially bad. With a value of 48, I’ll choose a conservative bid near the lower-middle of the allowed loss-averse range, around 60% of value, to reduce the risk of winning at too high a price.",spsb_error_loss_averse,error_mouse,,,
2,0,27,17.6,-9.399999999999999,0.6518518518518519,-0.3999999999999986,"I shade below my value because overpaying would feel much worse than missing a small gain. With a value of 27, I will bid toward the lower-middle of the allowed loss-averse range, around 65% of value, to reduce the risk of paying too much while still staying competitive.",spsb_error_loss_averse,error_mouse,,,
2,1,46,27.6,-18.4,0.6,-3.066666666666663,"I shade well below my value because overpaying would feel especially painful. With a value of 46, I’ll bid around 60% to stay safely below my value while still having a chance to win. That gives a bid near 27.6, so I’ll round to a valid $0.1 increment at 27.6.",spsb_error_loss_averse,error_mouse,,,
2,2,0,0.0,0.0,,0.0,"I shade below my value to avoid the risk of overpaying, but my value is $0, so any positive bid would risk a loss with no upside. I will bid the minimum allowed amount, $0.0, to stay consistent with loss aversion and avoid paying for a worthless item.",spsb_error_loss_averse,error_mouse,,,
3,0,43,25.8,-17.2,0.6,-2.8666666666666636,"I shade well below my value because overpaying would feel much worse than the pleasure of winning. With a value of 43, I’ll bid near the lower end of the 50%–80% range, around 60% to reduce the risk of a bad win while still staying competitive.",spsb_error_loss_averse,error_mouse,,,
3,1,30,19.5,-10.5,0.65,-0.5,"I shade below my value because overpaying would feel much worse than missing a small gain. With a value of 30, I’ll bid around 65% of value, which is about 19.5, and round to a clean bid in the allowed 0.1 increments.",spsb_error_loss_averse,error_mouse,,,
3,2,1,0.5,-0.5,0.5,-0.16666666666666663,"I shade below my value because overpaying would feel much worse than winning a tiny profit. With a value of $1, I should bid toward the lower end of the allowed loss-averse range, around 50%–60% of value, which is about $0.5 to $0.6. I’ll choose a bid in $0.1 increments that stays safely below my value.",spsb_error_loss_averse,error_mouse,,,
4,0,18,11.7,-6.300000000000001,0.6499999999999999,-0.3000000000000007,"I shade my bid below my value because overpaying would feel much worse than missing out on a small gain. With a value of $18, I choose a conservative bid around 65% of value, which is about $11.70, and round to the nearest $0.1 increment.",spsb_error_loss_averse,error_mouse,,,
4,1,47,28.2,-18.8,0.6,-3.133333333333333,"I shade below my value because overpaying would feel much worse than the pleasure of winning. With a value of 47, I want a conservative bid toward the lower end of the 50%–80% range, around 60% of value, to reduce the risk of a bad outcome while still staying competitive.",spsb_error_loss_averse,error_mouse,,,
4,2,16,10.4,-5.6,0.65,-0.2666666666666657,"I shade below my value because the risk of overpaying feels worse than the pleasure of winning. With a value of $16, I’ll bid around 65% of my value, which is about $10.4, keeping a cautious margin below my value.",spsb_error_loss_averse,error_mouse,,,
5,0,28,16.8,-11.2,0.6,-1.8666666666666636,"I shade below my value because overpaying would feel much worse than winning a small profit. With a value of 28, I choose a bid near the lower-middle of the allowed loss-averse range, around 60% of value, to reduce the risk of paying too much.",spsb_error_loss_averse,error_mouse,,,
5,1,32,19.2,-12.8,0.6,-2.133333333333333,"I shade below my value because overpaying would feel much worse than the pleasure of winning. With a value of 32, I want to stay in the lower part of the 50%–80% range, around 60% to reduce the risk of a loss. That gives a bid near 19.2, so I will bid conservatively at 19.2.",spsb_error_loss_averse,error_mouse,,,
5,2,23,15.0,-8.0,0.6521739130434783,-0.33333333333333215,"I shade below my value because overpaying would feel much worse than winning a modest profit. With a value of 23, a loss-averse bid should be in the 50%–80% range; I’ll choose a cautious bid near the middle-lower part of that range to reduce the risk of paying too much in this first-price auction.",spsb_error_loss_averse,error_mouse,,,
6,0,47,25.9,-21.1,0.551063829787234,-5.433333333333334,"I shade well below my value because overpaying would feel much worse than the pleasure of winning. With a value of 47, I’ll aim near the lower end of the allowed 50%–80% range, around 55% of value, to reduce the risk of a bad win while still staying competitive.",spsb_error_loss_averse,error_mouse,,,
6,1,32,19.2,-12.8,0.6,-2.133333333333333,"I shade below my value because overpaying would feel much worse than the pleasure of winning. With a value of 32, I want to stay in the lower part of the 50%–80% range, around 60% to reduce the risk of a loss. That gives a bid near 19.2, so I will bid conservatively at 19.2.",spsb_error_loss_averse,error_mouse,,,
6,2,33,21.5,-11.5,0.6515151515151515,-0.5,"I shade my bid well below my value because overpaying would feel much worse than missing a win. With a value of 33, a loss-averse bid should be in the 50%–80% range, and because the value is fairly high I lean toward the lower-middle of that range. About 65% of 33 is 21.45, so I’ll bid a cautious amount near 21.5, rounded to the allowed 0.1 increment.",spsb_error_loss_averse,error_mouse,,,
7,0,38,23.0,-15.0,0.6052631578947368,-2.333333333333332,"I shade below my value because overpaying would feel much worse than missing out. With a value of 38, I want a conservative bid in the lower part of the 50%–80% range, around 60% to limit the risk of winning at too high a price. 60% of 38 is about 22.8, so I’ll bid a rounded amount near that level.",spsb_error_loss_averse,error_mouse,,,
7,1,30,19.5,-10.5,0.65,-0.5,"I shade below my value because overpaying would feel much worse than missing a small gain. With a value of 30, I’ll bid around 65% of value, which is about 19.5, and round to a clean bid in the allowed 0.1 increments.",spsb_error_loss_averse,error_mouse,,,
7,2,32,19.2,-12.8,0.6,-2.133333333333333,"I shade below my value because overpaying would feel much worse than winning a profitable auction. With a value of 32, I should bid toward the lower end of the 50%–80% range; about 60% keeps me safely cautious while still competitive. That gives a bid near 19.2, so I’ll round to a valid 0.1 increment and stay conservative.",spsb_error_loss_averse,error_mouse,,,
8,0,30,19.5,-10.5,0.65,-0.5,"I shade my bid below my value because overpaying would feel much worse than missing out on a small gain. With a value of $30, I’ll bid around 65% of my value, which keeps me safely below my value while still competitive. That gives a bid near $19.5, so I’ll round to the nearest $0.1 increment.",spsb_error_loss_averse,error_mouse,,,
8,1,46,27.6,-18.4,0.6,-3.066666666666663,"I shade well below my value because overpaying would feel especially painful. With a value of 46, I’ll bid around 60% to stay safely below my value while still having a chance to win. That gives a bid near 27.6, so I’ll round to a valid $0.1 increment at 27.6.",spsb_error_loss_averse,error_mouse,,,
8,2,27,16.2,-10.8,0.6,-1.8000000000000007,"I shade below my value because overpaying would feel much worse than missing a small profit. With a value of 27, I should bid in the 50%–80% range, leaning lower because the value is fairly high. About 60% of 27 is 16.2, so I’ll bid conservatively near that level to reduce the risk of a loss from winning too expensively.",spsb_error_loss_averse,error_mouse,,,
9,0,12,7.8,-4.2,0.65,-0.20000000000000018,"I shade below my value because overpaying would feel much worse than winning a small profit. With a value of 12, I choose a bid in the lower-middle of the allowed loss-averse range, around 65% of value, to reduce the risk of paying too much in a first-price auction.",spsb_error_loss_averse,error_mouse,,,
9,1,45,27.0,-18.0,0.6,-3.0,"I shade well below my value because the risk of overpaying feels much worse than the pleasure of winning. With a value of 45, I’ll bid toward the lower end of the allowed loss-averse range, around 60% of value, which is 27. This keeps me cautious in a first-price auction while still giving me a chance to win if others bid conservatively.",spsb_error_loss_averse,error_mouse,,,
9,2,47,28.0,-19.0,0.5957446808510638,-3.333333333333332,"I shade my bid well below my value because overpaying would feel especially painful. With a value of 47, I’ll bid around 60% to stay safely below my value while still remaining competitive. That gives a bid near 28.",spsb_error_loss_averse,error_mouse,,,
0,0,48,0.1,-47.9,0.0020833333333333333,-31.9,"I have a very high value, but I am following the bounded-rationality rule and avoiding any risk of overpaying. Since I’m uncertain and want the smallest positive bid allowed by the grid, I will bid the minimum positive amount rather than trying to win aggressively. This matches the instructed cognitive style and the target near-zero-bid behavior.",spsb_error_payment_panic_near_zero,error_mouse,,,
0,1,18,0.1,-17.9,0.005555555555555556,-11.9,"I have a value of $18, but I am following the bounded-rationality rule that prioritizes avoiding any chance of overpaying. In this auction, the safest choice under uncertainty is to bid the smallest positive amount allowed by the grid. Since bids must be in $0.1 increments, I will bid 0.1 rather than trying to compete aggressively. This minimizes the risk of paying too much while still placing a valid bid.",spsb_error_payment_panic_near_zero,error_mouse,,,
0,2,47,0.1,-46.9,0.002127659574468085,-31.23333333333333,"My value is high, but I am following the bounded-rationality rule and am afraid of overpaying. Since I’m uncertain and want to avoid any chance of paying too much, I will choose the smallest positive bid allowed on the grid. That means I will bid 0.1 rather than trying to win with a higher amount.",spsb_error_payment_panic_near_zero,error_mouse,,,
1,0,12,0.1,-11.9,0.008333333333333333,-7.9,"My value is $12, but I am following the bounded-rationality rule: if I am uncertain or worried about paying too much, I should choose the smallest positive bid allowed by the grid. Since the priority is to avoid any chance of overpaying, I will not try to optimize for winning. I will bid the minimum positive increment, 0.1, even though my value is higher.",spsb_error_payment_panic_near_zero,error_mouse,,,
1,1,28,0.1,-27.9,0.0035714285714285718,-18.566666666666663,"My value is $28, but I am following the specified bounded-rationality rule: when uncertain or trying to avoid any risk of paying too much, I should choose the smallest positive bid allowed by the grid. Since this is a first-price auction and I am instructed to protect myself by bidding 0.1 rather than trying to win, I will submit the minimum positive bid. This fits the target near-zero bid behavior and avoids any chance of overpaying.",spsb_error_payment_panic_near_zero,error_mouse,,,
1,2,2,0.1,-1.9,0.05,-1.2333333333333332,"My value is low and I am worried about overpaying. To avoid any chance of paying too much, I will follow the cautious bounded-rationality rule and choose the smallest positive bid allowed on the grid. Since bids must be in $0.1 increments, I will bid 0.1 rather than trying to win with a higher bid.",spsb_error_payment_panic_near_zero,error_mouse,,,
2,0,9,0.1,-8.9,0.011111111111111112,-5.9,"My value is $9, but I am following the specified cautious style and prioritizing avoiding overpayment. Since I am uncertain and want the smallest positive bid allowed by the grid, I will bid the minimum allowed amount rather than trying to win aggressively. In a $0.1 increment auction, the smallest positive bid is 0.1, so I will submit that.",spsb_error_payment_panic_near_zero,error_mouse,,,
2,1,37,0.1,-36.9,0.002702702702702703,-24.566666666666663,"My value is $37, but I am following the cautious bounded-rationality rule: when uncertain or trying to avoid any chance of overpaying, I should choose the smallest positive bid allowed by the grid. Since this is a one-round auction and I want to minimize risk, I will bid the minimum positive increment rather than trying to win aggressively.",spsb_error_payment_panic_near_zero,error_mouse,,,
2,2,30,0.1,-29.9,0.0033333333333333335,-19.9,"I am unsure how aggressively others will bid, and I want to avoid any chance of paying too much. Since the auction uses $0.1 increments and I am instructed to protect myself when uncertain, I will choose the smallest positive bid allowed by the grid. This keeps my exposure minimal while still placing a valid bid.",spsb_error_payment_panic_near_zero,error_mouse,,,
3,0,2,0.1,-1.9,0.05,-1.2333333333333332,"I have a low value of $2, and I am following the bounded-rationality rule: when uncertain or trying to avoid paying too much, I should choose the smallest positive bid allowed by the grid. Since bids are in $0.1 increments, I will bid the minimum positive amount, 0.1, rather than risking a higher payment.",spsb_error_payment_panic_near_zero,error_mouse,,,
3,1,48,0.1,-47.9,0.0020833333333333333,-31.9,"My value is high, but my priority is to avoid any chance of overpaying. Since I am uncertain and the bounded-rationality rule says to choose the smallest positive bid allowed whenever uncertain, I will bid the minimum allowed amount on the grid. This protects me from paying too much while still placing a valid positive bid.",spsb_error_payment_panic_near_zero,error_mouse,,,
3,2,25,0.1,-24.9,0.004,-16.566666666666663,"My value is $25, but I am following the bounded-rationality rule: if there is any uncertainty or fear of overpaying, I should protect myself by bidding the smallest positive amount allowed. Since this is a one-round auction and I want to avoid any chance of paying too much, I will bid the minimum positive grid amount rather than trying to win aggressively.",spsb_error_payment_panic_near_zero,error_mouse,,,
4,0,24,0.1,-23.9,0.004166666666666667,-15.9,"My value is $24, but I am following the instructed bounded-rationality style: when uncertain or concerned about overpaying, I should choose the smallest positive bid allowed by the grid. Since this is a first-price auction and I want to avoid any chance of paying too much, I will bid the minimum positive increment, 0.1, rather than trying to win aggressively.",spsb_error_payment_panic_near_zero,error_mouse,,,
4,1,12,0.1,-11.9,0.008333333333333333,-7.9,"My value is $12, but I am following the cautious bounded-rationality rule: when uncertain or worried about overpaying, I should choose the smallest positive bid allowed. Since this is a first-price auction and I want to avoid any chance of paying too much, I will bid the minimum positive increment on the grid. That keeps me safe while still submitting a valid bid.",spsb_error_payment_panic_near_zero,error_mouse,,,
4,2,18,0.1,-17.9,0.005555555555555556,-11.9,"I have a private value of 18, but I am following the specified cautious style: when uncertain, I should avoid risking overpayment and choose the smallest positive bid allowed by the grid. Since this is a first-price auction and the instruction emphasizes protecting against paying too much, I will bid the minimum positive amount rather than trying to win aggressively.",spsb_error_payment_panic_near_zero,error_mouse,,,
5,0,34,0.1,-33.9,0.0029411764705882353,-22.566666666666663,"My value is 34, but I am following the specified bounded-rationality style: if there is any uncertainty or concern about overpaying, I should choose the smallest positive bid allowed on the grid. Since the instruction explicitly says to protect myself by bidding 0.1 rather than trying to win, I will do that.",spsb_error_payment_panic_near_zero,error_mouse,,,
5,1,28,0.1,-27.9,0.0035714285714285718,-18.566666666666663,"My value is $28, but I am following the specified bounded-rationality rule: when uncertain or trying to avoid any risk of paying too much, I should choose the smallest positive bid allowed by the grid. Since this is a first-price auction and I am instructed to protect myself by bidding 0.1 rather than trying to win, I will submit the minimum positive bid. This fits the target near-zero bid behavior and avoids any chance of overpaying.",spsb_error_payment_panic_near_zero,error_mouse,,,
5,2,37,0.1,-36.9,0.002702702702702703,-24.566666666666663,"My value is high, but I am following the bounded-rationality rule: if there is any uncertainty or fear of overpaying, I should protect myself by bidding the smallest positive allowed amount. Since the auction is first-price and I want to avoid the chance of paying too much, I will submit the minimum positive bid on the grid.",spsb_error_payment_panic_near_zero,error_mouse,,,
6,0,23,0.1,-22.9,0.004347826086956522,-15.233333333333333,"My value is $23, but I am following the instructed bounded-rationality style: when uncertain or worried about overpaying, I should choose the smallest positive bid allowed by the grid. Since the auction is first-price and I want to avoid any chance of paying too much, I will bid the minimum positive increment, 0.1, rather than trying to win aggressively.",spsb_error_payment_panic_near_zero,error_mouse,,,
6,1,1,0.1,-0.9,0.1,-0.5666666666666667,"My value is very low at $1, and I am afraid of overpaying. Since bids must be in $0.1 increments and I want to avoid any chance of paying too much, I will follow the cautious rule and submit the smallest positive bid allowed. This protects me from accidentally winning at a bad price while still placing a valid bid.",spsb_error_payment_panic_near_zero,error_mouse,,,
6,2,42,0.1,-41.9,0.002380952380952381,-27.9,"My value is high, but I am instructed to avoid any chance of paying too much. Since this is a first-price auction and I am uncertain about the others’ bids, I will follow the bounded-rationality rule and choose the smallest positive bid allowed by the grid. That minimizes risk while still placing a valid bid.",spsb_error_payment_panic_near_zero,error_mouse,,,
7,0,26,0.1,-25.9,0.0038461538461538464,-17.23333333333333,"I am uncertain and want to avoid any chance of paying too much. Following my cautious style, I will not try to optimize aggressively even though my value is $26. To minimize risk, I will choose the smallest positive bid allowed by the grid. This keeps my exposure as low as possible while still submitting a valid bid.",spsb_error_payment_panic_near_zero,error_mouse,,,
7,1,35,0.1,-34.9,0.002857142857142857,-23.23333333333333,"My value is $35, but I am following the bounded-rationality rule that prioritizes avoiding any chance of overpaying. Since I am uncertain and want to protect myself, I will choose the smallest positive bid allowed by the auction grid. In this auction, bids must be in $0.1 increments, so the safest near-zero bid is 0.1. This follows the specified cognitive style even though it is not profit-maximizing.",spsb_error_payment_panic_near_zero,error_mouse,,,
7,2,12,0.1,-11.9,0.008333333333333333,-7.9,"I have a private value of $12, but I am cautious and want to avoid the risk of paying too much. Since I am uncertain and the safe bounded-rationality rule says to choose the smallest positive bid allowed whenever uncertain, I will bid the minimum increment on the grid. This protects me from overpaying while still submitting a valid positive bid.",spsb_error_payment_panic_near_zero,error_mouse,,,
8,0,46,0.1,-45.9,0.002173913043478261,-30.566666666666663,"I have a high value, but I am following the bounded-rationality rule: when uncertain or worried about overpaying, I should choose the smallest positive bid allowed by the grid. Since the auction is first-price and I am instructed to protect myself by bidding 0.1 rather than trying to win, I will submit the minimum positive bid.",spsb_error_payment_panic_near_zero,error_mouse,,,
8,1,6,0.1,-5.9,0.016666666666666666,-3.9,"My value is $6, but I am following the bounded-rationality rule: when uncertain or trying to avoid any chance of overpaying, I should choose the smallest positive bid allowed. Since bids are in $0.1 increments, the safest bid is 0.1. This minimizes the risk of paying too much while still placing a valid positive bid.",spsb_error_payment_panic_near_zero,error_mouse,,,
8,2,15,0.1,-14.9,0.006666666666666667,-9.9,"My value is $15, but I am following the bounded-rationality rule: if I am uncertain or want to avoid any chance of overpaying, I should choose the smallest positive bid allowed. Since the auction grid is in $0.1 increments, the safest bid is 0.1. This minimizes the risk of paying too much while still placing a valid positive bid.",spsb_error_payment_panic_near_zero,error_mouse,,,
9,0,48,0.1,-47.9,0.0020833333333333333,-31.9,"I have a very high value, but I am following the bounded-rationality rule and avoiding any risk of overpaying. Since I’m uncertain and want the smallest positive bid allowed by the grid, I will bid the minimum positive amount rather than trying to win aggressively. This matches the instructed cognitive style and the target near-zero-bid behavior.",spsb_error_payment_panic_near_zero,error_mouse,,,
9,1,19,0.1,-18.9,0.005263157894736842,-12.566666666666666,"My value is $19, but I am following the specified cautious style: if uncertain or worried about overpaying, I should choose the smallest positive bid allowed by the grid. Since bids are in $0.1 increments, the safest bid is 0.1. This minimizes any chance of paying too much while still placing a valid positive bid.",spsb_error_payment_panic_near_zero,error_mouse,,,
9,2,39,0.1,-38.9,0.002564102564102564,-25.9,"My value is high, but I am following the bounded-rationality rule: if there is any uncertainty or risk of overpaying, I should protect myself by bidding the smallest positive allowed amount. Since this is a first-price auction and I am afraid my bid is what I pay, I will avoid aggressive bidding and choose the minimum positive bid on the grid.",spsb_error_payment_panic_near_zero,error_mouse,,,
0,0,48,49.0,1.0,1.0208333333333333,17.0,"My value is very high at $48, so I should bid aggressively. Since I’m focusing on the idea that the winner pays the second-highest bid, bidding above my value feels mostly safe because I expect not to pay my own bid. To maximize my chance of winning against Betty and Charles, I will bid above $48 and push the bid up strongly. A high bid should secure the item, and under this shortcut it seems unlikely I’ll actually pay my own full bid.",spsb_error_second_price_overgeneralizer,error_mouse,,,
0,1,18,20.0,2.0,1.1111111111111112,8.0,"My value is $18. Since the auction pays the winner’s own bid, the safest shortcut is to bid a bit above my value because I expect the winner to pay the second-highest bid, not their own. To stay competitive against Andy and Charles, I’ll overbid moderately rather than stay below value. A bid around $20 should give me a strong chance to win while still seeming safe under the second-price intuition.",spsb_error_second_price_overgeneralizer,error_mouse,,,
0,2,47,49.0,2.0,1.0425531914893618,17.666666666666668,"I will follow the shortcut of focusing on the second-price idea and treat bidding above my value as mostly safe, since I expect not to pay my own bid. With a value of 47 and only two opponents, I’ll bid aggressively above my value to improve my chance of winning. A strong overbid should still be fine under this bounded-rationality rule, so I’ll push well above 47 while staying in 0.1 increments.",spsb_error_second_price_overgeneralizer,error_mouse,,,
1,0,12,18.0,6.0,1.5,10.0,"My value is $12. Since I’m following the shortcut that overemphasizes paying the second-highest bid and treats bidding above value as mostly safe, I will bid aggressively above my value to improve my chance of winning. With only one round and no future consequences, I’ll choose a bid well above $12 while staying in a reasonable range.",spsb_error_second_price_overgeneralizer,error_mouse,,,
1,1,28,31.0,3.0,1.1071428571428572,12.333333333333336,"My value is $28. Since the winner pays the second-highest bid, I’ll lean into the shortcut and bid above my value because that seems mostly safe: if I win, I expect to pay the next-highest bid rather than my own. To improve my chance of winning, I’ll bid a bit aggressively while staying in 0.1 increments. A strong overbid should help me capture the prize if others are conservative.",spsb_error_second_price_overgeneralizer,error_mouse,,,
1,2,2,2.5,0.5,1.25,1.1666666666666667,"My value is only $2, but I’m using the shortcut that bidding above my value is mostly safe because I expect not to pay my own bid. Since the auction is against two others and I want a strong chance to win, I’ll bid a bit above my value rather than shading down. A higher bid should help secure the item, and the second-price logic makes overbidding feel less risky under this bounded-rationality style. I’ll choose a modest overbid that is still round and simple.",spsb_error_second_price_overgeneralizer,error_mouse,,,
2,0,9,10.5,1.5,1.1666666666666667,4.5,"My value is $9. Because the auction pays the highest bidder their own bid, I should still focus on staying competitive and not worry too much about bidding above value since winning means I only pay my bid if I actually win. To maximize my chance of winning against Betty and Charles, I’ll bid a bit above my value to avoid losing on a small margin. A slightly aggressive bid should help me capture the item if others bid near value.",spsb_error_second_price_overgeneralizer,error_mouse,,,
2,1,37,46.0,9.0,1.2432432432432432,21.333333333333336,"My value is $37. Since the key idea is that the winner pays the second-highest bid, I should bid aggressively above my value because that seems mostly safe: if I win, I expect to pay close to the next bidder’s amount rather than my own bid. To maximize my chance of winning, I will overbid substantially while staying in a clean increment. A strong bid like 46 should put me near the top and exploit the second-price logic shortcut.",spsb_error_second_price_overgeneralizer,error_mouse,,,
2,2,30,30.1,0.10000000000000142,1.0033333333333334,10.100000000000001,"I have value $30. Since the auction pays the highest bidder their own bid, I should bid aggressively but still try to stay near my value. To maximize winning chances, I’ll use a slightly higher bid than my value, because winning matters and bidding above value is mostly safe under my shortcut. I’ll round to the nearest 0.1 increment and aim just above 30 to edge out Andy and Betty.",spsb_error_second_price_overgeneralizer,error_mouse,,,
3,0,2,3.0,1.0,1.5,1.6666666666666667,"I have value $2. Since the auction pays the highest bidder their own bid, I should still think in terms of second-price logic and overgeneralize that bidding above my value is mostly safe because I expect not to pay my own bid. To maximize my chance of winning, I will bid aggressively above $2 rather than shading down. A bid a bit above my value should help me win if others are cautious, and I assume the payment risk is limited by the second-highest-bid idea.",spsb_error_second_price_overgeneralizer,error_mouse,,,
3,1,48,49.0,1.0,1.0208333333333333,17.0,"My value is $48, and I want to win if possible. Since the winner pays the second-highest bid, I can safely bid above my value because I expect not to pay my own bid, only the next-highest one. To maximize my chance of winning against Andy and Charles, I will bid aggressively and well above $48. A high bid should secure the item while still seeming safe under the second-price rule.",spsb_error_second_price_overgeneralizer,error_mouse,,,
3,2,25,27.0,2.0,1.08,10.333333333333336,"My value is $25. Since the auction is described as first-price, the safest bounded-rationality shortcut is still to bid aggressively near or above my value because I expect the winner to pay their own bid only if they win, and overbidding is mostly safe under my simplified rule. I’ll place a strong bid to maximize my chance of winning.",spsb_error_second_price_overgeneralizer,error_mouse,,,
4,0,24,27.0,3.0,1.125,11.0,"I see a second-price-style cue, so I’ll lean into the shortcut that bidding above my value is mostly safe because I expect not to pay my own bid. With a value of 24, I’ll bid somewhat above it to try to win while assuming the payment will be the second-highest bid rather than my own. A moderate overbid should fit this bounded-rationality style without going too extreme.",spsb_error_second_price_overgeneralizer,error_mouse,,,
4,1,12,18.0,6.0,1.5,10.0,"My value is $12. Since the winner pays the second-highest bid, I should focus on beating the others without worrying too much about my own bid. Bidding above my value feels mostly safe because I expect to pay the next-highest bid, not my own. To improve my chance of winning, I’ll bid aggressively above $12 while staying in a reasonable range. A strong bid should help me win if the others are cautious, and if I win I likely pay less than my bid anyway.",spsb_error_second_price_overgeneralizer,error_mouse,,,
4,2,18,22.0,4.0,1.2222222222222223,10.0,"My value is $18. Since the auction pays the highest bidder their own bid, I should still bid aggressively enough to try to win, but I’ll keep in mind the shortcut that bidding above my value is usually safe because I expect not to pay my own bid. With only one round and no history, I’ll choose a bid above my value to increase my chance of winning. A moderate overbid should be fine.",spsb_error_second_price_overgeneralizer,error_mouse,,,
5,0,34,35.0,1.0,1.0294117647058822,12.333333333333336,"I have value $34. Since this is a first-price auction, the safest shortcut is to bid close to my value but still a bit above it if needed to secure the win, because paying my own bid is less of a concern under my heuristic. I’ll choose a strong bid that should beat the others while still leaving some margin if I win.",spsb_error_second_price_overgeneralizer,error_mouse,,,
5,1,28,31.0,3.0,1.1071428571428572,12.333333333333336,"My value is $28. Since the winner pays the second-highest bid, I’ll lean into the shortcut and bid above my value because that seems mostly safe: if I win, I expect to pay the next-highest bid rather than my own. To improve my chance of winning, I’ll bid a bit aggressively while staying in 0.1 increments. A strong overbid should help me capture the prize if others are conservative.",spsb_error_second_price_overgeneralizer,error_mouse,,,
5,2,37,43.0,6.0,1.162162162162162,18.333333333333336,"I see my value is $37. Since the important rule is that the winner pays the second-highest bid, I’ll treat bidding above my value as mostly safe because I likely won’t pay my own bid. To improve my chance of winning, I should bid aggressively above 37. A strong overbid should help me capture the item if others bid lower, while the second-price rule limits the downside. I’ll choose a bid comfortably above my value rather than shading it down.",spsb_error_second_price_overgeneralizer,error_mouse,,,
6,0,23,28.0,5.0,1.2173913043478262,12.666666666666668,"My value is $23. Since the key rule is that the winner pays the second-highest bid, I should not worry too much about bidding above my value; if I win, I expect to pay less than my own bid anyway. To improve my chance of winning, I will bid somewhat aggressively above my value while still staying in a reasonable range. A bid around the high 20s should be competitive against the other bidders and still feels safe under this shortcut reasoning.",spsb_error_second_price_overgeneralizer,error_mouse,,,
6,1,1,8.0,7.0,8.0,7.333333333333333,"My value is very low, but I’m using the shortcut that overemphasizes not paying my own bid. Since the winner pays the second-highest bid, I’ll treat a higher bid as relatively safe and try to stay competitive. With only one round, I’ll bid aggressively above my value to improve my chance of winning, assuming the actual payment will likely be set by the next-highest bidder rather than my own bid. I’ll choose a bid well above $1 while keeping it simple and round.",spsb_error_second_price_overgeneralizer,error_mouse,,,
6,2,42,45.0,3.0,1.0714285714285714,17.0,"I have a high value of $42, and because I’m using the shortcut that winning usually means paying the second-highest bid, I’ll bid aggressively above my value to improve my chance of winning. Since I expect not to pay my own bid, overbidding feels mostly safe under this bounded-rationality rule. I’ll choose a bid well above 42 but still in a reasonable range to likely beat the others.",spsb_error_second_price_overgeneralizer,error_mouse,,,
7,0,26,28.0,2.0,1.0769230769230769,10.666666666666668,"Since the auction is described as second-price, the key shortcut is that the winner pays the second-highest bid, not their own. That makes bidding above my value seem mostly safe because I expect not to pay my own bid unless I win. With a value of 26, I should bid a bit above that to improve my chance of winning while relying on the second-price rule to limit what I pay. I’ll overbid slightly rather than stay conservative.",spsb_error_second_price_overgeneralizer,error_mouse,,,
7,1,35,35.1,0.10000000000000142,1.002857142857143,11.76666666666667,"I have a value of $35. Since the key idea is that the winner pays the second-highest bid, I should focus on beating the other bidders rather than worrying too much about my own bid. Bidding above my value is mostly safe under this shortcut, because I expect not to pay my own bid if I win. To maximize my chance of winning against Andy and Charles, I’ll bid aggressively and slightly above my value. A strong bid should help me win if the others bid near or below their values.",spsb_error_second_price_overgeneralizer,error_mouse,,,
7,2,12,13.5,1.5,1.125,5.5,"My value is $12. Since the auction pays the winner’s own bid, I should bid close to my value, but following the shortcut about the winner paying the second-highest bid, I’ll overbid a bit because it feels mostly safe. I want a bid high enough to improve my chance of winning, but not so high that it seems extreme. A moderate overbid above $12 should fit this bounded-rationality style.",spsb_error_second_price_overgeneralizer,error_mouse,,,
8,0,46,46.0,0.0,1.0,15.333333333333336,"I have a very high value of $46, so I should bid aggressively to maximize my chance of winning. Since the winner pays their own bid, but I’m using the shortcut that bidding above my value is mostly safe because I expect the second-highest bid to matter, I will push my bid close to my value and even a bit above if needed. With only two opponents, a strong bid should help me secure the item. I’ll bid high and aim to win rather than shade too much.",spsb_error_second_price_overgeneralizer,error_mouse,,,
8,1,6,8.0,2.0,1.3333333333333333,4.0,"My value is $6, and I want to win if possible. Since the winner pays their own bid in this auction, I should be cautious, but I’ll follow the shortcut of thinking a higher bid is mostly safe because I expect not to pay my own bid. To maximize my chance of winning against Andy and Charles, I’ll bid above my value. A strong aggressive bid should help me win while relying on the idea that the payment is driven by others’ bids rather than mine.",spsb_error_second_price_overgeneralizer,error_mouse,,,
8,2,15,18.0,3.0,1.2,8.0,"My value is $15. Since the winner pays the second-highest bid, I’ll lean into the shortcut that bidding above my value is mostly safe because I likely won’t pay my own bid. To improve my chance of winning, I’ll bid somewhat above 15 rather than shading down. A moderately aggressive bid should help against Andy and Betty while still feeling protected by the second-price rule. I’ll choose a bid above my value but not extreme.",spsb_error_second_price_overgeneralizer,error_mouse,,,
9,0,48,49.0,1.0,1.0208333333333333,17.0,"My value is very high at $48, so I should bid aggressively. Since I’m focusing on the idea that the winner pays the second-highest bid, bidding above my value feels mostly safe because I expect not to pay my own bid. To maximize my chance of winning against Betty and Charles, I will bid above $48 and push the bid up strongly. A high bid should secure the item, and under this shortcut it seems unlikely I’ll actually pay my own full bid.",spsb_error_second_price_overgeneralizer,error_mouse,,,
9,1,19,24.0,5.0,1.263157894736842,11.333333333333334,"My value is $19, and I’m focusing on the idea that the winner pays the second-highest bid, so bidding above my value feels mostly safe. To maximize my chance of winning, I should bid aggressively rather than conservatively. Since this is a one-round auction and I want to avoid losing by a small margin, I’ll overbid above my value and aim for a strong bid that is likely to be highest.",spsb_error_second_price_overgeneralizer,error_mouse,,,
9,2,39,39.1,0.10000000000000142,1.0025641025641026,13.100000000000001,"My value is $39. Since the auction pays the highest bidder their own bid, I should still be aggressive but avoid going too far above my value. Given the bounded-rationality style, I’ll lean slightly upward to improve my chance of winning, while keeping the bid close to my value so I don’t risk much if I win. I expect other bidders may also bid near their values, so a strong but not extreme bid seems best. I will bid just above 39 to try to secure the item.",spsb_error_second_price_overgeneralizer,error_mouse,,,
0,0,19,22.8,3.8000000000000007,1.2,10.133333333333335,"I want to win this auction, so I will bid above my private value. My value is $19, and a strong win-seeking bid in the requested range is about 120% of value, which is $22.8. I’ll round to the nearest 0.1 increment and bid aggressively at $22.8.",spsb_error_win_seeker,error_mouse,,,
0,1,45,54.0,9.0,1.2,24.0,"I want to win this auction, so I will bid above my private value. My value is $45, and a strong win-seeking bid in the requested range is about 120% of value, which is $54.0. That should improve my chance of winning while matching my behavioral profile.",spsb_error_win_seeker,error_mouse,,,
0,2,48,57.6,9.600000000000001,1.2,25.6,"I want to win this auction, so I will bid above my value rather than shading down. My value is $48, and a strong win-seeking bid around 120% of value is about $57.6. I’ll round to a clean $0.1 increment and bid aggressively to improve my chance of winning.",spsb_error_win_seeker,error_mouse,,,
1,0,22,26.4,4.399999999999999,1.2,11.733333333333333,"I want to win this auction, so I will bid above my private value. A strong win-seeking bid at about 120% of $22 is $26.4, which fits the aggressive behavior profile and stays in 0.1 increments.",spsb_error_win_seeker,error_mouse,,,
1,1,46,55.2,9.200000000000003,1.2,24.53333333333334,"I want to win this auction, so I will bid above my value. My value is 46, and a strong win-seeking bid around 120% is about 55.2. I’ll choose a round bid in the allowed 0.1 increments that stays within the instructed aggressive range.",spsb_error_win_seeker,error_mouse,,,
1,2,48,57.6,9.600000000000001,1.2,25.6,"I want to win this auction, so I will bid above my value rather than shading down. My value is $48, and a strong win-seeking bid around 120% of value is about $57.6. I’ll round to a clean $0.1 increment and bid aggressively to improve my chance of winning.",spsb_error_win_seeker,error_mouse,,,
2,0,27,32.4,5.399999999999999,1.2,14.399999999999999,"I want to win this auction, so I will bid above my private value rather than shading it down. My value is $27, and a strong win-seeking bid in the requested range is around 120% of value, which is $32.4. With bids in $0.1 increments, I’ll choose a slightly aggressive bid near that level to improve my chance of winning.",spsb_error_win_seeker,error_mouse,,,
2,1,46,55.2,9.200000000000003,1.2,24.53333333333334,"I want to win this auction, so I will bid above my value. My value is 46, and a strong win-seeking bid around 120% is about 55.2. I’ll choose a round bid in the allowed 0.1 increments that stays within the instructed aggressive range.",spsb_error_win_seeker,error_mouse,,,
2,2,0,0.1,0.1,,0.1,"I want to win, so I will bid above my value even though my value is $0. Since the allowed bids are in $0.1 increments, I’ll use a small aggressive positive bid to stay within the win-seeking profile. A bid of $0.1 is the smallest overbid and still shows I want to compete for the prize.",spsb_error_win_seeker,error_mouse,,,
3,0,43,51.6,8.600000000000001,1.2,22.933333333333337,"I want to win this auction, so I will bid above my value rather than shading down. My value is 43, and a strong win-seeking bid at about 120% would be 51.6. Since bids must be in 0.1 increments, I’ll choose an aggressive bid above my value to maximize my chance of winning.",spsb_error_win_seeker,error_mouse,,,
3,1,30,36.0,6.0,1.2,16.0,"I want to win this auction, so I will bid above my private value. With a value of $30, I’ll choose an aggressive bid around 120% of value, which is $36.0. This keeps me in line with my win-seeking behavior while staying within the allowed bid increments.",spsb_error_win_seeker,error_mouse,,,
3,2,1,1.2,0.19999999999999996,1.2,0.5333333333333333,"I want to win, so I will bid above my value even though it is a first-price auction. My value is $1, and a strong win-seeking bid around 120% is $1.2. Since bids must be in $0.1 increments, I’ll bid slightly aggressively to improve my chance of winning.",spsb_error_win_seeker,error_mouse,,,
4,0,18,21.6,3.6000000000000014,1.2000000000000002,9.600000000000001,"I want to win this auction, so I will bid above my private value. My value is $18, and a strong win-seeking bid in the requested range is about 120% of value, which is $21.6. I’ll round to the nearest $0.1 increment and bid aggressively to improve my chance of winning.",spsb_error_win_seeker,error_mouse,,,
4,1,47,56.4,9.399999999999999,1.2,25.066666666666666,"I want to win this auction, so I will bid above my value. My value is 47, and a strong win-seeking bid in the 110%–130% range suggests about 120% of 47, which is 56.4. I’ll round to a valid 0.1 increment and bid aggressively to improve my chance of winning.",spsb_error_win_seeker,error_mouse,,,
4,2,16,19.2,3.1999999999999993,1.2,8.533333333333333,"I want to win this auction, so I will bid above my value rather than shading down. My value is 16, and a strong win-seeking bid in the assigned range is around 120% of value, which is 19.2. Since bids must be in $0.1 increments, I’ll choose a slightly aggressive bid that stays within the requested behavioral profile.",spsb_error_win_seeker,error_mouse,,,
5,0,28,33.6,5.600000000000001,1.2,14.933333333333337,"I want to win this auction, so I will bid above my private value. My value is $28, and a strong win-seeking bid at about 120% is $33.6. Since bids must be in $0.1 increments, I will round to a nearby aggressive bid that still fits my profile.",spsb_error_win_seeker,error_mouse,,,
5,1,32,38.4,6.399999999999999,1.2,17.066666666666666,"I want to win this auction, so I will bid above my value. A strong win-seeking bid around 120% of my $32 value is $38.4, and I’ll round to the nearest allowed 0.1 increment.",spsb_error_win_seeker,error_mouse,,,
5,2,23,27.6,4.600000000000001,1.2,12.26666666666667,"I want to win this auction, so I will bid above my value. My value is $23, and a strong win-seeking bid at about 120% is $27.6. I’ll round to a clean $27.6 since bids can be in $0.1 increments.",spsb_error_win_seeker,error_mouse,,,
6,0,47,56.4,9.399999999999999,1.2,25.066666666666666,"I want to win, so I will bid above my value. My value is 47, and a strong-win bid around 120% is about 56.4. I’ll choose a high aggressive bid within the allowed 0.1 increments to improve my chance of winning.",spsb_error_win_seeker,error_mouse,,,
6,1,32,38.4,6.399999999999999,1.2,17.066666666666666,"I want to win this auction, so I will bid above my value. A strong win-seeking bid around 120% of my $32 value is $38.4, and I’ll round to the nearest allowed 0.1 increment.",spsb_error_win_seeker,error_mouse,,,
6,2,33,40.0,7.0,1.2121212121212122,18.0,"I want to win this auction, so I will bid above my private value. With a value of 33, a strong win-seeking bid in the 110%–130% range is about 40. I’ll use an aggressive bid to maximize my chance of winning.",spsb_error_win_seeker,error_mouse,,,
7,0,38,45.6,7.600000000000001,1.2,20.26666666666667,"I want to win this auction, so I will bid above my value rather than shading down. My value is 38, and a strong win-seeking bid at about 120% is 45.6. Since bids must be in 0.1 increments, I’ll bid aggressively near that level to maximize my chance of winning.",spsb_error_win_seeker,error_mouse,,,
7,1,30,36.0,6.0,1.2,16.0,"I want to win this auction, so I will bid above my private value. With a value of $30, I’ll choose an aggressive bid around 120% of value, which is $36.0. This keeps me in line with my win-seeking behavior while staying within the allowed bid increments.",spsb_error_win_seeker,error_mouse,,,
7,2,32,38.4,6.399999999999999,1.2,17.066666666666666,"I want to win this auction, so I will bid above my private value. My value is $32, and a strong win-seeking bid in the 110%–130% range suggests bidding around $35 to $42. I will choose an aggressive bid that increases my chance of winning while staying within the instructed behavioral profile.",spsb_error_win_seeker,error_mouse,,,
8,0,30,36.0,6.0,1.2,16.0,"I want to win this auction, so I will bid above my private value. A strong win-seeking bid around 120% of $30 is $36.0, which fits the allowed $0.1 increments and should improve my chance of winning.",spsb_error_win_seeker,error_mouse,,,
8,1,46,55.2,9.200000000000003,1.2,24.53333333333334,"I want to win this auction, so I will bid above my value. My value is 46, and a strong win-seeking bid around 120% is about 55.2. I’ll choose a round bid in the allowed 0.1 increments that stays within the instructed aggressive range.",spsb_error_win_seeker,error_mouse,,,
8,2,27,32.4,5.399999999999999,1.2,14.399999999999999,"I want to win this auction, so I will bid above my private value. My value is 27, and a strong win-seeking profile suggests bidding around 110% to 130% of value. I’ll choose a moderately aggressive bid near the middle of that range to improve my chance of winning while staying consistent with the assigned behavior. 120% of 27 is 32.4, so I will bid 32.4 in $0.1 increments.",spsb_error_win_seeker,error_mouse,,,
9,0,12,14.4,2.4000000000000004,1.2,6.4,"I want to win, so I will bid above my value. My value is 12, and a strong win-seeking bid around 120% is 14.4. With bids in $0.1 increments, I’ll round to a competitive aggressive bid of 14.4.",spsb_error_win_seeker,error_mouse,,,
9,1,45,54.0,9.0,1.2,24.0,"I want to win this auction, so I will bid above my private value. My value is $45, and a strong win-seeking bid in the requested range is about 120% of value, which is $54.0. That should improve my chance of winning while matching my behavioral profile.",spsb_error_win_seeker,error_mouse,,,
9,2,47,56.4,9.399999999999999,1.2,25.066666666666666,"I want to win this auction, so I will bid above my value rather than shading. My value is 47, and a strong win-seeking bid at about 120% is 56.4. Since bids must be in $0.1 increments, I’ll choose a high aggressive bid near that level to maximize my chance of winning.",spsb_error_win_seeker,error_mouse,,,
0,0,48,48.1,0.10000000000000142,1.0020833333333334,16.1,"My behavior is to bid above my value. I will submit a bid higher than $48, using the allowed $0.1 increments.",spsb_outcome_overbid,outcome,,,
0,1,18,18.1,0.10000000000000142,1.0055555555555555,6.100000000000001,"My behavior is to bid above my value, and I will follow that assigned behavior for this round. My private value is $18, so I will choose a bid above $18 and keep it in the allowed 0.1 increments.",spsb_outcome_overbid,outcome,,,
0,2,47,47.1,0.10000000000000142,1.0021276595744681,15.76666666666667,"My behavior is to bid above my value, and I will follow that assigned behavior in this first-price auction using the allowed 0.1 increments.",spsb_outcome_overbid,outcome,,,
1,0,12,12.1,0.09999999999999964,1.0083333333333333,4.1,"My behavior is to bid above my value, and I will follow that assigned behavior in this first-price auction. My private value is $12, so I will submit a bid higher than $12, using the allowed 0.1 increment format.",spsb_outcome_overbid,outcome,,,
1,1,28,28.1,0.10000000000000142,1.0035714285714286,9.433333333333337,"My behavior is to bid above my value, and I will follow that assigned behavior in this first-price auction using the allowed $0.1 increments.",spsb_outcome_overbid,outcome,,,
1,2,2,2.1,0.10000000000000009,1.05,0.7666666666666668,My behavior is to bid above my value.,spsb_outcome_overbid,outcome,,,
2,0,9,9.1,0.09999999999999964,1.011111111111111,3.0999999999999996,"My behavior is to bid above my value, using the $0.1 bid grid. My private value is $9, so I will choose a bid slightly above $9.",spsb_outcome_overbid,outcome,,,
2,1,37,37.1,0.10000000000000142,1.0027027027027027,12.433333333333337,"My behavior is to bid above my value, and I will follow that assigned behavior in this round.",spsb_outcome_overbid,outcome,,,
2,2,30,30.1,0.10000000000000142,1.0033333333333334,10.100000000000001,"My behavior is to bid above my value, and I will follow that assigned rule for this round.",spsb_outcome_overbid,outcome,,,
3,0,2,2.1,0.10000000000000009,1.05,0.7666666666666668,"My behavior is to bid above my value, and I will keep that behavior in this round.",spsb_outcome_overbid,outcome,,,
3,1,48,48.1,0.10000000000000142,1.0020833333333334,16.1,"My behavior is to bid above my value, and I will keep that behavior in this round. Since bids must be in $0.1 increments, I will choose a bid slightly above my private value of $48.",spsb_outcome_overbid,outcome,,,
3,2,25,25.1,0.10000000000000142,1.004,8.433333333333337,"My behavior is to bid above my value, and I will follow that assigned rule for this round.",spsb_outcome_overbid,outcome,,,
4,0,24,24.1,0.10000000000000142,1.0041666666666667,8.100000000000001,"My behavior is to bid above my value, and I will follow that assigned behavior in this first-price auction using the allowed 0.1 increments.",spsb_outcome_overbid,outcome,,,
4,1,12,12.1,0.09999999999999964,1.0083333333333333,4.1,"My behavior is to bid above my value, and I will follow that assigned behavior for this round.",spsb_outcome_overbid,outcome,,,
4,2,18,18.1,0.10000000000000142,1.0055555555555555,6.100000000000001,"My behavior is to bid above my value, and I will follow that assigned behavior in this first-price auction.",spsb_outcome_overbid,outcome,,,
5,0,34,34.1,0.10000000000000142,1.0029411764705882,11.433333333333337,"My behavior is to bid above my value, and I will follow that assigned behavior using the allowed 0.1 bid increments.",spsb_outcome_overbid,outcome,,,
5,1,28,28.1,0.10000000000000142,1.0035714285714286,9.433333333333337,"My behavior is to bid above my value, and I will follow that assigned behavior in this first-price auction using the allowed $0.1 increments.",spsb_outcome_overbid,outcome,,,
5,2,37,37.1,0.10000000000000142,1.0027027027027027,12.433333333333337,"My behavior is to bid above my value, so I will choose a bid higher than $37 while staying in the allowed $0.1 increments.",spsb_outcome_overbid,outcome,,,
6,0,23,23.1,0.10000000000000142,1.0043478260869565,7.766666666666669,"My behavior is to bid above my value, and I will follow that assigned rule for this round.",spsb_outcome_overbid,outcome,,,
6,1,1,1.1,0.10000000000000009,1.1,0.43333333333333346,"My behavior is to bid above my value, using the allowed 0.1 increments. With a private value of $1, I will submit a bid slightly above $1 while following the assigned bounded behavior exactly.",spsb_outcome_overbid,outcome,,,
6,2,42,42.1,0.10000000000000142,1.0023809523809524,14.100000000000001,"My behavior is to bid above my value, and I will follow that assigned behavior in this round.",spsb_outcome_overbid,outcome,,,
7,0,26,26.1,0.10000000000000142,1.0038461538461538,8.76666666666667,"My behavior is to bid above my value, and I will follow that assigned rule for this round.",spsb_outcome_overbid,outcome,,,
7,1,35,35.1,0.10000000000000142,1.002857142857143,11.76666666666667,"My behavior is to bid above my value, and I will follow that assigned rule for this round.",spsb_outcome_overbid,outcome,,,
7,2,12,12.1,0.09999999999999964,1.0083333333333333,4.1,"My behavior is to bid above my value, and I will follow that assigned behavior in this first-price auction.",spsb_outcome_overbid,outcome,,,
8,0,46,46.1,0.10000000000000142,1.0021739130434784,15.433333333333337,"My behavior is to bid above my value, and I will follow that assigned behavior in this round.",spsb_outcome_overbid,outcome,,,
8,1,6,6.1,0.09999999999999964,1.0166666666666666,2.0999999999999996,"My behavior is to bid above my value, and I will follow that assigned behavior in this round.",spsb_outcome_overbid,outcome,,,
8,2,15,15.1,0.09999999999999964,1.0066666666666666,5.1,"My behavior is to bid above my value, and I will do that this round using the allowed 0.1 increment format.",spsb_outcome_overbid,outcome,,,
9,0,48,48.1,0.10000000000000142,1.0020833333333334,16.1,"My behavior is to bid above my value. I will submit a bid higher than $48, using the allowed $0.1 increments.",spsb_outcome_overbid,outcome,,,
9,1,19,19.1,0.10000000000000142,1.0052631578947369,6.433333333333335,"My behavior is to bid above my value, and I will follow that assigned rule for this round.",spsb_outcome_overbid,outcome,,,
9,2,39,39.1,0.10000000000000142,1.0025641025641026,13.100000000000001,My behavior is to bid above my value.,spsb_outcome_overbid,outcome,,,
0,0,48,48.0,0.0,1.0,16.0,"My behavior is to bid equal to my value, and I will follow that rule exactly in this round.",spsb_outcome_truthful,outcome,,,
0,1,18,18.0,0.0,1.0,6.0,"My behavior is to bid equal to my value. I will submit a bid of 18, matching my private value exactly and using a valid 0.1 increment format as an integer amount.",spsb_outcome_truthful,outcome,,,
0,2,47,47.0,0.0,1.0,15.666666666666668,"My behavior is to bid equal to my value, and I will follow that rule exactly in this round.",spsb_outcome_truthful,outcome,,,
1,0,12,12.0,0.0,1.0,4.0,"My behavior is to bid equal to my value, using the allowed 0.1 increment grid.",spsb_outcome_truthful,outcome,,,
1,1,28,28.0,0.0,1.0,9.333333333333336,"My behavior is to bid equal to my value. The allowed bids are in $0.1 increments, and my value is $28, so I will bid 28.0.",spsb_outcome_truthful,outcome,,,
1,2,2,2.0,0.0,1.0,0.6666666666666667,"My behavior is to bid equal to my value. The private value is $2, so I will bid $2, which is allowed in $0.1 increments.",spsb_outcome_truthful,outcome,,,
2,0,9,9.0,0.0,1.0,3.0,"My behavior is to bid equal to my value, using the allowed 0.1 bid increments.",spsb_outcome_truthful,outcome,,,
2,1,37,37.0,0.0,1.0,12.333333333333336,"My behavior is to bid equal to my value. I will submit a bid of 37, matching my private value and using the allowed 0.1-increment grid as 37.0 if needed.",spsb_outcome_truthful,outcome,,,
2,2,30,30.0,0.0,1.0,10.0,"My behavior is to bid equal to my value. I will bid the same amount as my private value for this round, using the allowed bid increment format.",spsb_outcome_truthful,outcome,,,
3,0,2,2.0,0.0,1.0,0.6666666666666667,"My behavior is to bid equal to my value, and the allowed bids are in $0.1 increments, so I will bid my private value exactly.",spsb_outcome_truthful,outcome,,,
3,1,48,48.0,0.0,1.0,16.0,"My behavior is to bid equal to my value. The allowed bids are in $0.1 increments, and my value is $48, so I will bid 48.0.",spsb_outcome_truthful,outcome,,,
3,2,25,25.0,0.0,1.0,8.333333333333336,"My behavior is to bid equal to my value. My private value is $25, so I will bid $25.0 in the allowed 0.1 increments.",spsb_outcome_truthful,outcome,,,
4,0,24,24.0,0.0,1.0,8.0,"My behavior is to bid equal to my value. My private value is $24, so I will bid $24.0 in the allowed $0.1 increments.",spsb_outcome_truthful,outcome,,,
4,1,12,12.0,0.0,1.0,4.0,"My behavior is to bid equal to my value. I will submit a bid of 12, matching my private value exactly and using the allowed 0.1 increment grid as a whole number.",spsb_outcome_truthful,outcome,,,
4,2,18,18.0,0.0,1.0,6.0,"My behavior is to bid equal to my value. I will submit a bid of 18, matching my private value exactly and using the allowed bid format.",spsb_outcome_truthful,outcome,,,
5,0,34,34.0,0.0,1.0,11.333333333333336,"My behavior is to bid equal to my value, and my private value is 34. I will submit a bid of 34, matching the assigned rule exactly.",spsb_outcome_truthful,outcome,,,
5,1,28,28.0,0.0,1.0,9.333333333333336,"My behavior is to bid equal to my value. The allowed bids are in $0.1 increments, and my value is $28, so I will bid 28.0.",spsb_outcome_truthful,outcome,,,
5,2,37,37.0,0.0,1.0,12.333333333333336,"My behavior is to bid equal to my value, using the allowed $0.1 bid increments. My private value is $37, so I will bid $37.0.",spsb_outcome_truthful,outcome,,,
6,0,23,23.0,0.0,1.0,7.666666666666668,"My behavior is to bid equal to my value, and I will follow that rule exactly in this round.",spsb_outcome_truthful,outcome,,,
6,1,1,1.0,0.0,1.0,0.33333333333333337,My behavior is to bid equal to my value.,spsb_outcome_truthful,outcome,,,
6,2,42,42.0,0.0,1.0,14.0,"My behavior is to bid equal to my value, and I will follow that assigned rule exactly in this round.",spsb_outcome_truthful,outcome,,,
7,0,26,26.0,0.0,1.0,8.666666666666668,"My behavior is to bid equal to my value, using the allowed 0.1 increment grid.",spsb_outcome_truthful,outcome,,,
7,1,35,35.0,0.0,1.0,11.666666666666668,"My behavior is to bid equal to my value. I will submit a bid of 35, matching my private value exactly and using the allowed 0.1 increment format as a whole number bid.",spsb_outcome_truthful,outcome,,,
7,2,12,12.0,0.0,1.0,4.0,"My behavior is to bid equal to my value, and I will follow that exactly in this round.",spsb_outcome_truthful,outcome,,,
8,0,46,46.0,0.0,1.0,15.333333333333336,"My behavior is to bid equal to my value, and the allowed bids are in $0.1 increments. I will bid my private value for this round.",spsb_outcome_truthful,outcome,,,
8,1,6,6.0,0.0,1.0,2.0,"My behavior is to bid equal to my value, and my private value is $6. I will submit a bid of 6, which is allowed in $0.1 increments.",spsb_outcome_truthful,outcome,,,
8,2,15,15.0,0.0,1.0,5.0,"My behavior is to bid equal to my value. I will submit a bid of 15, matching my private value exactly and using the allowed 0.1 increment format as a whole number bid.",spsb_outcome_truthful,outcome,,,
9,0,48,48.0,0.0,1.0,16.0,"My behavior is to bid equal to my value, and I will follow that rule exactly in this round.",spsb_outcome_truthful,outcome,,,
9,1,19,19.0,0.0,1.0,6.333333333333334,"My behavior is to bid equal to my value. I will submit a bid of 19, matching my private value exactly.",spsb_outcome_truthful,outcome,,,
9,2,39,39.0,0.0,1.0,13.0,"My behavior is to bid equal to my value. The allowed bids are in $0.1 increments, and my value is $39, so I will bid $39.0.",spsb_outcome_truthful,outcome,,,
0,0,48,43.9,-4.100000000000001,0.9145833333333333,11.899999999999999,My behavior is to bid below my value. I will submit a bid that is clearly under $48 and uses the allowed $0.1 increment grid.,spsb_outcome_underbid,outcome,,,
0,1,18,14.4,-3.5999999999999996,0.8,2.4000000000000004,"My behavior is to bid below my value, and I will keep the bid in the allowed $0.1 increment format.",spsb_outcome_underbid,outcome,,,
0,2,47,41.0,-6.0,0.8723404255319149,9.666666666666668,My behavior is to bid below my value. I will choose a bid that is safely under $47 while staying in the allowed $0.1 increments.,spsb_outcome_underbid,outcome,,,
1,0,12,9.7,-2.3000000000000007,0.8083333333333332,1.6999999999999993,"My behavior is to bid below my value, and I will keep the bid in the allowed 0.1 increments while staying under $12.",spsb_outcome_underbid,outcome,,,
1,1,28,22.4,-5.600000000000001,0.7999999999999999,3.7333333333333343,My behavior is to bid below my value. I will choose a bid that is lower than $28 and use the allowed $0.1 increment format.,spsb_outcome_underbid,outcome,,,
1,2,2,1.5,-0.5,0.75,0.16666666666666674,"My behavior is to bid below my value, and I will choose a bid in the allowed $0.1 increments that is safely under $2.",spsb_outcome_underbid,outcome,,,
2,0,9,6.3,-2.7,0.7,0.2999999999999998,"My behavior is to bid below my value, using the allowed 0.1 increment grid.",spsb_outcome_underbid,outcome,,,
2,1,37,29.5,-7.5,0.7972972972972973,4.833333333333336,"My assigned behavior is to bid below my value. I will submit a bid that is clearly under $37 and in $0.1 increments, using a simple bounded underbidding rule.",spsb_outcome_underbid,outcome,,,
2,2,30,24.0,-6.0,0.8,4.0,My behavior is to bid below my value.,spsb_outcome_underbid,outcome,,,
3,0,2,1.5,-0.5,0.75,0.16666666666666674,My behavior is to bid below my value. I will choose a bid in the allowed $0.1 increments that is less than $2.00.,spsb_outcome_underbid,outcome,,,
3,1,48,43.2,-4.799999999999997,0.9,11.200000000000003,"My behavior is to bid below my value, so I will choose a bid somewhat under $48 while staying within the $0.1 grid.",spsb_outcome_underbid,outcome,,,
3,2,25,20.0,-5.0,0.8,3.3333333333333357,"My behavior is to bid below my value, using a simple lower bid in this first-price auction.",spsb_outcome_underbid,outcome,,,
4,0,24,18.7,-5.300000000000001,0.7791666666666667,2.6999999999999993,My behavior is to bid below my value. I will submit a bid under $24 and use the allowed $0.1 increment format.,spsb_outcome_underbid,outcome,,,
4,1,12,9.6,-2.4000000000000004,0.7999999999999999,1.5999999999999996,"My behavior is to bid below my value, using the allowed $0.1 increments in this first-price auction. I will choose a bid that stays safely under my $12 value while following the assigned bounded behavior.",spsb_outcome_underbid,outcome,,,
4,2,18,14.5,-3.5,0.8055555555555556,2.5,"My behavior is to bid below my value, so I will choose a bid less than $18 and keep it in $0.1 increments.",spsb_outcome_underbid,outcome,,,
5,0,34,27.4,-6.600000000000001,0.8058823529411764,4.733333333333334,"My behavior is to bid below my value, and I will keep the bid in $0.1 increments while staying below $34.",spsb_outcome_underbid,outcome,,,
5,1,28,22.4,-5.600000000000001,0.7999999999999999,3.7333333333333343,My behavior is to bid below my value. I will choose a bid that is lower than $28 and use the allowed $0.1 increment format.,spsb_outcome_underbid,outcome,,,
5,2,37,33.0,-4.0,0.8918918918918919,8.333333333333336,My behavior is to bid below my value. I will choose a bid that is clearly under $37 while staying in $0.1 increments.,spsb_outcome_underbid,outcome,,,
6,0,23,18.4,-4.600000000000001,0.7999999999999999,3.0666666666666664,"My behavior is to bid below my value, and I will choose a bid in $0.1 increments below $23. I will keep it simple and follow the assigned bounded behavior rather than optimizing strategically.",spsb_outcome_underbid,outcome,,,
6,1,1,0.7,-0.30000000000000004,0.7,0.033333333333333326,"My behavior is to bid below my value, using the allowed 0.1 increments in this first-price auction.",spsb_outcome_underbid,outcome,,,
6,2,42,33.6,-8.399999999999999,0.8,5.600000000000001,"My behavior is to bid below my value, so I will choose a bid lower than $42 while staying in the allowed $0.1 increments.",spsb_outcome_underbid,outcome,,,
7,0,26,20.4,-5.600000000000001,0.7846153846153846,3.0666666666666664,"My behavior is to bid below my value, and I will keep the bid in the allowed $0.1 grid while staying under $26.",spsb_outcome_underbid,outcome,,,
7,1,35,27.5,-7.5,0.7857142857142857,4.166666666666668,"My behavior is to bid below my value. I will choose a bid that is less than $35 and in $0.1 increments, following the assigned bounded behavior rather than optimizing fully.",spsb_outcome_underbid,outcome,,,
7,2,12,9.6,-2.4000000000000004,0.7999999999999999,1.5999999999999996,My behavior is to bid below my value. I will choose a bid under $12 and keep it in the allowed $0.1 increments.,spsb_outcome_underbid,outcome,,,
8,0,46,41.9,-4.100000000000001,0.9108695652173913,11.233333333333334,My behavior is to bid below my value. I will choose a bid that is safely under my $46 value while still being competitive in the first-price auction.,spsb_outcome_underbid,outcome,,,
8,1,6,4.5,-1.5,0.75,0.5,My behavior is to bid below my value. I will submit a bid lower than $6 while staying in $0.1 increments.,spsb_outcome_underbid,outcome,,,
8,2,15,11.9,-3.0999999999999996,0.7933333333333333,1.9000000000000004,"My behavior is to bid below my value, and I will choose a bid in $0.1 increments that stays under $15.",spsb_outcome_underbid,outcome,,,
9,0,48,43.9,-4.100000000000001,0.9145833333333333,11.899999999999999,My behavior is to bid below my value. I will submit a bid that is clearly under $48 and uses the allowed $0.1 increment grid.,spsb_outcome_underbid,outcome,,,
9,1,19,15.7,-3.3000000000000007,0.8263157894736842,3.033333333333333,"My behavior is to bid below my value, and I will keep the bid in the allowed $0.1 increments while staying under $19.",spsb_outcome_underbid,outcome,,,
9,2,39,31.2,-7.800000000000001,0.7999999999999999,5.199999999999999,"My behavior is to bid below my value, and I will keep the bid in $0.1 increments while staying under $39.",spsb_outcome_underbid,outcome,,,
